pregunta;entrevista;estado;cita_literal;linea;transcripcion;nota
1;ENTR-01;PREGUNTADA;Entonces la función del administrador es recorrer todos los trabajos y hace la revision de que todos los equipos esten cumpliendo con su funcion.;11;2026-05-23_ENTR-01_Transcripcion.md;
2;ENTR-01;ESPONTANEA;se tiene un equipo de polinizacion, se tiene un equipo de controles fitosanitarios, se tiene un equipo de riego y un equipo de labores.;11;2026-05-23_ENTR-01_Transcripcion.md;
3;ENTR-01;NO_ABORDADA;;;2026-05-23_ENTR-01_Transcripcion.md;"No se formuló; solo se pregunta por reingreso o carencia en la guía A.2."
4;ENTR-01;NO_ABORDADA;;;2026-05-23_ENTR-01_Transcripcion.md;
5;ENTR-01;ESPONTANEA;Si si tienes una fruta eh en buena en buena calidad es porque te ha dado ha hecho eh el operador ha hecho un buen trabajo y si no pues eh efectivamente se da cuenta uno de que el operador no está cumpliendo con su trabajo;75;2026-05-23_ENTR-01_Transcripcion.md;Respuesta a la pregunta por el desempeño de los trabajadores.
6;ENTR-01;PREGUNTADA;Eh por rendimiento y producción, o sea este en el tema de los polinizadores pues ellos cuentan las flores que han polinizado en el día;75;2026-05-23_ENTR-01_Transcripcion.md;
7;ENTR-01;NO_ABORDADA;;;2026-05-23_ENTR-01_Transcripcion.md;No se formuló ni se abordó el reporte a organismos de control.
8;ENTR-01;NO_ABORDADA;;;2026-05-23_ENTR-01_Transcripcion.md;
9;ENTR-01;PREGUNTADA;siempre medimos el tema de lluvias, ya, mediante un pluviómetro. Eso nos nos nos da una idea de de cuánto hemos tenido de lluvia durante el año. Eh adicional pues por medio de las estaciones meteorológicas eh tú puedes darte una una idea de cómo está eh a nivel general.;59;2026-05-23_ENTR-01_Transcripcion.md;
10;ENTR-01;NO_ABORDADA;;;2026-05-23_ENTR-01_Transcripcion.md;
11;ENTR-01;PREGUNTADA;Eh el tema uno de plagas, cómo reconocer la plaga, porque de acuerdo cómo este de acuerdo a la plaga pues tú tienes este prácticamente eh el producto para poderla controlar, eh también este las etapas de de la plaga;67;2026-05-23_ENTR-01_Transcripcion.md;Pregunta sobre información deseada del análisis de imágenes con IA.
12;ENTR-01;PREGUNTADA;Sí, en el tema de de de plagas y enfermedades sería súper interesante porque, por ejemplo, hay diferentes plagas que a veces no se las puede identificar eh visualmente o o no tienes este o las personas que no tienen tanto conocimiento en el tema de plagas ya este tomándole una foto pues sabes eh la especie, la familia de la plaga;63;2026-05-23_ENTR-01_Transcripcion.md;Pregunta INDUCIDA: el entrevistador propone el análisis de imágenes con IA (línea 61).
13;ENTR-01;PREGUNTADA;En en el tema de de a nivel general el problema es la mano de obra.;83;2026-05-23_ENTR-01_Transcripcion.md;
1;ENTR-02;PREGUNTADA;revisamos diariamente todas las actividades que deben realizarse dentro del cultivo, precisamente en lo agrícola, como la chapia y la corona.;15;2026-05-23_ENTR-02_Transcripcion.md;
2;ENTR-02;ESPONTANEA;en esta plantación que es pequeña tenemos dos, ¿no? Entonces estas dos personas dan la vuelta, dan la vuelta todo alrededor;43;2026-05-23_ENTR-02_Transcripcion.md;"Sobre sanidad; no describe la planificación por lote."
3;ENTR-02;PARCIAL;Eso tenemos que hacerlo por lo menos repetidamente cada semana, hasta que la plaga termine.;27;2026-05-23_ENTR-02_Transcripcion.md;"Solo la frecuencia de aplicación; nada sobre reingreso ni carencia."
4;ENTR-02;NO_ABORDADA;;;2026-05-23_ENTR-02_Transcripcion.md;
5;ENTR-02;NO_ABORDADA;;;2026-05-23_ENTR-02_Transcripcion.md;
6;ENTR-02;PREGUNTADA;Y ahí nos damos cuenta si el trabajador o la persona que está realizando el trabajo está atrasado o va avanzando o no está haciendo nada.;95;2026-05-23_ENTR-02_Transcripcion.md;
7;ENTR-02;NO_ABORDADA;;;2026-05-23_ENTR-02_Transcripcion.md;No se formuló ni se abordó el reporte a organismos de control.
8;ENTR-02;NO_ABORDADA;;;2026-05-23_ENTR-02_Transcripcion.md;
9;ENTR-02;PREGUNTADA;Para nosotros poder ver cuánto milímetro de de lluvia ha caído de repente.;71;2026-05-23_ENTR-02_Transcripcion.md;
10;ENTR-02;PARCIAL;Ahí llevamos un registro, ¿no?;71;2026-05-23_ENTR-02_Transcripcion.md;"Registro de lluvia; no dice si es en papel o en hoja de cálculo."
11;ENTR-02;NO_ABORDADA;;;2026-05-23_ENTR-02_Transcripcion.md;
12;ENTR-02;NO_ABORDADA;;;2026-05-23_ENTR-02_Transcripcion.md;
13;ENTR-02;PREGUNTADA;Sí, los problemas más comunes en este caso que son... prácticamente la nutrición.;19;2026-05-23_ENTR-02_Transcripcion.md;
1;ENTR-03;NO_ABORDADA;;;2026-05-23_ENTR-03_Transcripcion.md;
2;ENTR-03;NO_ABORDADA;;;2026-05-23_ENTR-03_Transcripcion.md;
3;ENTR-03;NO_ABORDADA;;;2026-05-23_ENTR-03_Transcripcion.md;"No se formuló; solo se pregunta por reingreso o carencia en la guía A.2."
4;ENTR-03;NO_ABORDADA;;;2026-05-23_ENTR-03_Transcripcion.md;
5;ENTR-03;PREGUNTADA;La mayor, es visible, por lo que es un talco industrial más una hormona, y se puede observar a raíz desde su primer momento de aplicación.;33;2026-05-23_ENTR-03_Transcripcion.md;
6;ENTR-03;PREGUNTADA;Con un rastreador GPS.;45;2026-05-23_ENTR-03_Transcripcion.md;Respuesta a '¿mediante qué control?'.
7;ENTR-03;NO_ABORDADA;;;2026-05-23_ENTR-03_Transcripcion.md;No se formuló ni se abordó el reporte a organismos de control.
8;ENTR-03;NO_ABORDADA;;;2026-05-23_ENTR-03_Transcripcion.md;
9;ENTR-03;PREGUNTADA;El clima influye porque la palma necesita horas luz, entre 8 a 12 horas luz aproximadamente en el día, para poder formar cada racimo y su maduración.;37;2026-05-23_ENTR-03_Transcripcion.md;
10;ENTR-03;NO_ABORDADA;;;2026-05-23_ENTR-03_Transcripcion.md;
11;ENTR-03;PREGUNTADA;Que el rastreador GPS tenga marcaciones para poder marcar el número de flores polinizadas diariamente.;49;2026-05-23_ENTR-03_Transcripcion.md;
12;ENTR-03;NO_ABORDADA;;;2026-05-23_ENTR-03_Transcripcion.md;
13;ENTR-03;PREGUNTADA;Los problemas que más se frecuentan es el problema laboral.;29;2026-05-23_ENTR-03_Transcripcion.md;
1;ENTR-04;NO_ABORDADA;;;2026-07-28_ENTR-04_Transcripcion.md;
2;ENTR-04;NO_ABORDADA;;;2026-07-28_ENTR-04_Transcripcion.md;
3;ENTR-04;NO_ABORDADA;;;2026-07-28_ENTR-04_Transcripcion.md;"No se formuló; solo se pregunta por reingreso o carencia en la guía A.2."
4;ENTR-04;NO_ABORDADA;;;2026-07-28_ENTR-04_Transcripcion.md;
5;ENTR-04;NO_ABORDADA;;;2026-07-28_ENTR-04_Transcripcion.md;
6;ENTR-04;NO_ABORDADA;;;2026-07-28_ENTR-04_Transcripcion.md;
7;ENTR-04;ESPONTANEA;Actualmente muchos de los palmeros en sí no manejan esta guía de remisión, aunque es exigido por Agrocalidad.;63;2026-07-28_ENTR-04_Transcripcion.md;"La guía de remisión la exige Agrocalidad; no se preguntó por reportes a organismos de control."
8;ENTR-04;PREGUNTADA;Entonces, nosotros normalmente recomendamos que sea en las 24 horas, pero siempre pasan hasta 48, 30 y un poquito más.;39;2026-07-28_ENTR-04_Transcripcion.md;
9;ENTR-04;NO_ABORDADA;;;2026-07-28_ENTR-04_Transcripcion.md;
10;ENTR-04;PARCIAL;nosotros tenemos un sistema interno en la empresa donde nosotros simplemente ingresamos los datos, en este caso al sistema, y el sistema los arroja en un ticket.;59;2026-07-28_ENTR-04_Transcripcion.md;Registro en sistema interno de la extractora, no en papel u hoja de cálculo.
11;ENTR-04;PREGUNTADA;que se pueda llevar quizás cuando suban el conteo de racimos, quizás el peso promedio que tengan, para nosotros también llevar un registro o un histórico de cómo puede ir mejorando o no la producción de toda la finca, en este caso esta de aquí también.;79;2026-07-28_ENTR-04_Transcripcion.md;Respuesta sobre una aplicación en el celular de la hacienda.
12;ENTR-04;NO_ABORDADA;;;2026-07-28_ENTR-04_Transcripcion.md;
13;ENTR-04;PREGUNTADA;Ya, el principal problema que nosotros tenemos actualmente es el tema de fruta verde.;31;2026-07-28_ENTR-04_Transcripcion.md;
1;ENTR-05;NO_ABORDADA;;;2026-07-28_ENTR-05_Transcripcion.md;
2;ENTR-05;PREGUNTADA;El administrador.;15;2026-07-28_ENTR-05_Transcripcion.md;Respuesta corta a '¿quién le dice en qué lote o parte le toca trabajar?'.
3;ENTR-05;NO_ABORDADA;;;2026-07-28_ENTR-05_Transcripcion.md;"No se formuló; solo se pregunta por reingreso o carencia en la guía A.2."
4;ENTR-05;PARCIAL;Cuando nosotros la vemos, inmediatamente le decimos a él y él se arregla ya con la ingeniería y todo.;53;2026-07-28_ENTR-05_Transcripcion.md;"Cómo se avisa de una planta enferma; no describe un registro ni su evolución."
5;ENTR-05;NO_ABORDADA;;;2026-07-28_ENTR-05_Transcripcion.md;
6;ENTR-05;PARCIAL;eso se lleva un conteo de las flores, son aparte, el racimo cuando se corta también es aparte, y cuando se chapea, se cuenta por mata, se le da el conteo al encargado;23;2026-07-28_ENTR-05_Transcripcion.md;"Visión del trabajador: entrega el conteo; no dice cómo se verifica."
7;ENTR-05;NO_ABORDADA;;;2026-07-28_ENTR-05_Transcripcion.md;No se formuló ni se abordó el reporte a organismos de control.
8;ENTR-05;NO_ABORDADA;;;2026-07-28_ENTR-05_Transcripcion.md;
9;ENTR-05;NO_ABORDADA;;;2026-07-28_ENTR-05_Transcripcion.md;
10;ENTR-05;PREGUNTADA;Claro, nosotros le decimos, lo van a tener en una libreta hasta el día de quincena que el hombre nos pague.;27;2026-07-28_ENTR-05_Transcripcion.md;
11;ENTR-05;PREGUNTADA;Claro, porque ya sé lo que estoy ganándome y cuánto me sacaría en la quincena.;77;2026-07-28_ENTR-05_Transcripcion.md;
12;ENTR-05;NO_ABORDADA;;;2026-07-28_ENTR-05_Transcripcion.md;
13;ENTR-05;PREGUNTADA;Pues ahorita por el modo de la cosecha, que ahorita está muy difícil por lo que es primera cosecha;49;2026-07-28_ENTR-05_Transcripcion.md;
1;ENTR-06;NO_ABORDADA;;;2026-07-28_ENTR-06_Transcripcion.md;
2;ENTR-06;PREGUNTADA;Lote uno y lote dos.;27;2026-07-28_ENTR-06_Transcripcion.md;El jefe asigna el lote (respuesta 'El jefe.', línea 33, demasiado corta para citar).
3;ENTR-06;NO_ABORDADA;;;2026-07-28_ENTR-06_Transcripcion.md;"No se formuló; solo se pregunta por reingreso o carencia en la guía A.2."
4;ENTR-06;NO_ABORDADA;;;2026-07-28_ENTR-06_Transcripcion.md;
5;ENTR-06;NO_ABORDADA;;;2026-07-28_ENTR-06_Transcripcion.md;
6;ENTR-06;NO_ABORDADA;;;2026-07-28_ENTR-06_Transcripcion.md;
7;ENTR-06;NO_ABORDADA;;;2026-07-28_ENTR-06_Transcripcion.md;No se formuló ni se abordó el reporte a organismos de control.
8;ENTR-06;NO_ABORDADA;;;2026-07-28_ENTR-06_Transcripcion.md;
9;ENTR-06;NO_ABORDADA;;;2026-07-28_ENTR-06_Transcripcion.md;
10;ENTR-06;PREGUNTADA;Sí, la plantación que hizo. Lo hace de un cuadernito.;43;2026-07-28_ENTR-06_Transcripcion.md;
11;ENTR-06;PREGUNTADA;Por ejemplo, que le cuente las plantas. Contar las plantas, todo eso.;67;2026-07-28_ENTR-06_Transcripcion.md;
12;ENTR-06;NO_ABORDADA;;;2026-07-28_ENTR-06_Transcripcion.md;
13;ENTR-06;NO_ABORDADA;;;2026-07-28_ENTR-06_Transcripcion.md;
1;ENTR-07;ESPONTANEA;como las visitas yo las hago dos veces por semana, depende cuando yo llegue allá para poder verificar.;47;2026-07-28_ENTR-07_Transcripcion.md;Frecuencia de las visitas de verificación.
2;ENTR-07;ESPONTANEA;Y para saber qué lote es, eso también me lo proporciona el jefe de campo y también voy con él mismo para revisar.;51;2026-07-28_ENTR-07_Transcripcion.md;
3;ENTR-07;NO_ABORDADA;;;2026-07-28_ENTR-07_Transcripcion.md;"No se formuló; solo se pregunta por reingreso o carencia en la guía A.2."
4;ENTR-07;PREGUNTADA;lo que se hace es tomar una evidencia fotográfica y verificar qué tipo de enfermedad tiene;43;2026-07-28_ENTR-07_Transcripcion.md;"Registro por foto de la planta enferma; no describe evolución."
5;ENTR-07;PARCIAL;todo eso se corrige al momento de revisar.;35;2026-07-28_ENTR-07_Transcripcion.md;Errores en el conteo que se corrigen al revisar.
6;ENTR-07;ESPONTANEA;llego a la finca, localizo al jefe de campo y con él nos vamos a revisar las diferentes labores que se realizan en la finca.;19;2026-07-28_ENTR-07_Transcripcion.md;
7;ENTR-07;NO_ABORDADA;;;2026-07-28_ENTR-07_Transcripcion.md;No se formuló ni se abordó el reporte a organismos de control.
8;ENTR-07;NO_ABORDADA;;;2026-07-28_ENTR-07_Transcripcion.md;
9;ENTR-07;NO_ABORDADA;;;2026-07-28_ENTR-07_Transcripcion.md;
10;ENTR-07;PREGUNTADA;la libreta realmente la lleva al jefe de campo y los reportes nos los envían por medio de whatsapp a los que somos los administradores.;27;2026-07-28_ENTR-07_Transcripcion.md;
11;ENTR-07;PREGUNTADA;Sería interesante que se pudiese guardar los seguimientos con evidencia fotográfica como plantas enfermas, sectores polinizados. E incluso guardar las coordenadas del lugar donde se encontraron las afectaciones o donde se realizaron los trabajos.;71;2026-07-28_ENTR-07_Transcripcion.md;
12;ENTR-07;NO_ABORDADA;;;2026-07-28_ENTR-07_Transcripcion.md;
13;ENTR-07;PREGUNTADA;diría que los seguimientos, que no suelen llegar los reportes lo suficientemente especificados por parte del jefe de campo.;39;2026-07-28_ENTR-07_Transcripcion.md;
1;ENTR-08;NO_ABORDADA;;;2026-07-28_ENTR-08_Transcripcion.md;
2;ENTR-08;NO_ABORDADA;;;2026-07-28_ENTR-08_Transcripcion.md;
3;ENTR-08;NO_ABORDADA;;;2026-07-28_ENTR-08_Transcripcion.md;"No se formuló; solo se pregunta por reingreso o carencia en la guía A.2."
4;ENTR-08;NO_ABORDADA;;;2026-07-28_ENTR-08_Transcripcion.md;
5;ENTR-08;PARCIAL;primero observar bien la la parte basal de la planta para ver si hay desprendimiento.;79;2026-07-28_ENTR-08_Transcripcion.md;"Señal de racimo listo para cortar; no de labor ejecutada."
6;ENTR-08;ESPONTANEA;Entonces nosotros recurrimos a la visita técnica para ver cuál es el problema, si es el grupo de cosecha o el cultivo.;51;2026-07-28_ENTR-08_Transcripcion.md;
7;ENTR-08;NO_ABORDADA;;;2026-07-28_ENTR-08_Transcripcion.md;No se formuló ni se abordó el reporte a organismos de control.
8;ENTR-08;NO_ABORDADA;;;2026-07-28_ENTR-08_Transcripcion.md;
9;ENTR-08;NO_ABORDADA;;;2026-07-28_ENTR-08_Transcripcion.md;
10;ENTR-08;NO_ABORDADA;;;2026-07-28_ENTR-08_Transcripcion.md;
11;ENTR-08;PREGUNTADA;En sí nosotros recomendamos ver este... eh sí que mande bien, por ejemplo en la mañana para ver si la insect- qué tanto insecto hay y para ver también, hacemos monitoreo de insectos.;99;2026-07-28_ENTR-08_Transcripcion.md;Qué mostraría la aplicación de fotos.
12;ENTR-08;PREGUNTADA;En sí sí nos serviría porque en sí bueno nosotros podemos ver el video y nosotros recomendamos y manejamos las aplicaciones la dosis que se debería aplicar durante el cultivo.;95;2026-07-28_ENTR-08_Transcripcion.md;
13;ENTR-08;PREGUNTADA;Lo más básico siempre va a ser la mala selección de frutos: siempre van a cosechar frutos verdes. Ese es el único error que cometen.;71;2026-07-28_ENTR-08_Transcripcion.md;
1;ENTR-09;NO_ABORDADA;;;2026-08-31_ENTR-09_Transcripcion.md;
2;ENTR-09;PREGUNTADA;quien decide qué hace cada persona normalmente va de la mano del administrador de la hacienda, el cual es el encargado de repartir las labores.;19;2026-08-31_ENTR-09_Transcripcion.md;
3;ENTR-09;NO_ABORDADA;;;2026-08-31_ENTR-09_Transcripcion.md;"No se formuló; solo se pregunta por reingreso o carencia en la guía A.2."
4;ENTR-09;NO_ABORDADA;;;2026-08-31_ENTR-09_Transcripcion.md;
5;ENTR-09;NO_ABORDADA;;;2026-08-31_ENTR-09_Transcripcion.md;
6;ENTR-09;PREGUNTADA;Bueno, normalmente se lleva mediante un conteo.;23;2026-08-31_ENTR-09_Transcripcion.md;
7;ENTR-09;NO_ABORDADA;;;2026-08-31_ENTR-09_Transcripcion.md;No se formuló ni se abordó el reporte a organismos de control.
8;ENTR-09;NO_ABORDADA;;;2026-08-31_ENTR-09_Transcripcion.md;
9;ENTR-09;NO_ABORDADA;;;2026-08-31_ENTR-09_Transcripcion.md;
10;ENTR-09;PARCIAL;Normalmente se usa una aplicación, bueno, lo que he podido observar que se llama Avenza Maps, donde se controla el recorrido de cada persona.;31;2026-08-31_ENTR-09_Transcripcion.md;Habla de una aplicación (Avenza Maps), no de papel u hojas de cálculo.
11;ENTR-09;PREGUNTADA;En este caso llevaría un control de recorrido por parte del personal, un control de conteo sobre las labores que se van haciendo;47;2026-08-31_ENTR-09_Transcripcion.md;
12;ENTR-09;PREGUNTADA;Sería una buena ayuda porque hay muchos técnicos.;43;2026-08-31_ENTR-09_Transcripcion.md;
13;ENTR-09;PREGUNTADA;Normalmente, hoy en día, un problema muy grande es la inseguridad.;27;2026-08-31_ENTR-09_Transcripcion.md;
1;ENTR-10;NO_ABORDADA;;;2026-08-31_ENTR-10_Transcripcion.md;
2;ENTR-10;NO_ABORDADA;;;2026-08-31_ENTR-10_Transcripcion.md;
3;ENTR-10;NO_ABORDADA;;;2026-08-31_ENTR-10_Transcripcion.md;"No se formuló; solo se pregunta por reingreso o carencia en la guía A.2."
4;ENTR-10;NO_ABORDADA;;;2026-08-31_ENTR-10_Transcripcion.md;
5;ENTR-10;NO_ABORDADA;;;2026-08-31_ENTR-10_Transcripcion.md;
6;ENTR-10;PREGUNTADA;O sea, que la aplicación, cuando termines el recorrido, te muestra el recorrido que tú hayas tenido ahí, de los lotes y todo eso.;67;2026-08-31_ENTR-10_Transcripcion.md;Pregunta sobre registrar por GPS el recorrido del personal.
7;ENTR-10;NO_ABORDADA;;;2026-08-31_ENTR-10_Transcripcion.md;No se formuló ni se abordó el reporte a organismos de control.
8;ENTR-10;NO_ABORDADA;;;2026-08-31_ENTR-10_Transcripcion.md;
9;ENTR-10;NO_ABORDADA;;;2026-08-31_ENTR-10_Transcripcion.md;
10;ENTR-10;PREGUNTADA;Aplicaciones como WhatsApp.;31;2026-08-31_ENTR-10_Transcripcion.md;Respuesta a '¿papel, memoria o una aplicación?'.
11;ENTR-10;PREGUNTADA;Por ejemplo, el pronóstico, la semana de polinización, puede ser.;51;2026-08-31_ENTR-10_Transcripcion.md;
12;ENTR-10;PARCIAL;Más que todo, la información y fotos.;59;2026-08-31_ENTR-10_Transcripcion.md;"Ante un aviso de posible plaga; no valora un diagnóstico automático."
13;ENTR-10;NO_ABORDADA;;;2026-08-31_ENTR-10_Transcripcion.md;
1;ENTR-11;NO_ABORDADA;;;2026-08-31_ENTR-11_Transcripcion.md;
2;ENTR-11;NO_ABORDADA;;;2026-08-31_ENTR-11_Transcripcion.md;
3;ENTR-11;NO_ABORDADA;;;2026-08-31_ENTR-11_Transcripcion.md;"No se formuló; solo se pregunta por reingreso o carencia en la guía A.2."
4;ENTR-11;NO_ABORDADA;;;2026-08-31_ENTR-11_Transcripcion.md;
5;ENTR-11;NO_ABORDADA;;;2026-08-31_ENTR-11_Transcripcion.md;
6;ENTR-11;PREGUNTADA;La verdad es que me parece muy bien.;87;2026-08-31_ENTR-11_Transcripcion.md;Pregunta sobre registrar por GPS el recorrido del personal.
7;ENTR-11;NO_ABORDADA;;;2026-08-31_ENTR-11_Transcripcion.md;No se formuló ni se abordó el reporte a organismos de control.
8;ENTR-11;NO_ABORDADA;;;2026-08-31_ENTR-11_Transcripcion.md;
9;ENTR-11;NO_ABORDADA;;;2026-08-31_ENTR-11_Transcripcion.md;
10;ENTR-11;PREGUNTADA;"Con una estala, se llevan los datos; día a día se va a organizar.";39;2026-08-31_ENTR-11_Transcripcion.md;Luego confirma que es 'Mediante papel.' (línea 43).
11;ENTR-11;PREGUNTADA;La información, primero la foto y el informe de los correos.;67;2026-08-31_ENTR-11_Transcripcion.md;
12;ENTR-11;PARCIAL;Primero, una imagen donde me compruebe sobre ese problema, y lo segundo sería recurrir al lugar para probar los hechos y poder acudir a resolver el problema.;71;2026-08-31_ENTR-11_Transcripcion.md;"Ante un aviso de posible plaga; pide imagen y comprobar en campo."
13;ENTR-11;NO_ABORDADA;;;2026-08-31_ENTR-11_Transcripcion.md;
1;ENTR-12;NO_ABORDADA;;;2026-08-31_ENTR-12_Transcripcion.md;
2;ENTR-12;PREGUNTADA;primero yo considero que hay que hacer una inspección en la planta y después generar un cronograma de trabajo del día completo.;23;2026-08-31_ENTR-12_Transcripcion.md;
3;ENTR-12;NO_ABORDADA;;;2026-08-31_ENTR-12_Transcripcion.md;"No se formuló; solo se pregunta por reingreso o carencia en la guía A.2."
4;ENTR-12;NO_ABORDADA;;;2026-08-31_ENTR-12_Transcripcion.md;
5;ENTR-12;NO_ABORDADA;;;2026-08-31_ENTR-12_Transcripcion.md;
6;ENTR-12;NO_ABORDADA;;;2026-08-31_ENTR-12_Transcripcion.md;
7;ENTR-12;NO_ABORDADA;;;2026-08-31_ENTR-12_Transcripcion.md;No se formuló ni se abordó el reporte a organismos de control.
8;ENTR-12;NO_ABORDADA;;;2026-08-31_ENTR-12_Transcripcion.md;
9;ENTR-12;NO_ABORDADA;;;2026-08-31_ENTR-12_Transcripcion.md;
10;ENTR-12;PARCIAL;Como muy efectivas. Nos ayudan muchísimo y es una herramienta muy versátil y estratégica para poder determinar los resultados de manera más versátil y mucho más segura, antes que hacerlo al ojo humano, se podría decir.;39;2026-08-31_ENTR-12_Transcripcion.md;Habla de aplicaciones de control en general.
11;ENTR-12;PREGUNTADA;Por ejemplo, el estado de las plantaciones.;63;2026-08-31_ENTR-12_Transcripcion.md;
12;ENTR-12;NO_ABORDADA;;;2026-08-31_ENTR-12_Transcripcion.md;
13;ENTR-12;PREGUNTADA;Bueno, consideraría las enfermedades que frecuentemente enfrenta el cultivo.;31;2026-08-31_ENTR-12_Transcripcion.md;
1;ENTR-13;NO_ABORDADA;;;2026-09-01_ENTR-13_Transcripcion.md;
2;ENTR-13;PREGUNTADA;en una finca pequeña, de poco personal, pues siempre a veces decide el dueño o un encargado.;21;2026-09-01_ENTR-13_Transcripcion.md;
3;ENTR-13;NO_ABORDADA;;;2026-09-01_ENTR-13_Transcripcion.md;"No se formuló; solo se pregunta por reingreso o carencia en la guía A.2."
4;ENTR-13;NO_ABORDADA;;;2026-09-01_ENTR-13_Transcripcion.md;
5;ENTR-13;NO_ABORDADA;;;2026-09-01_ENTR-13_Transcripcion.md;
6;ENTR-13;PREGUNTADA;en las fincas pequeñas, muchos llevan registros empíricos.;25;2026-09-01_ENTR-13_Transcripcion.md;
7;ENTR-13;NO_ABORDADA;;;2026-09-01_ENTR-13_Transcripcion.md;No se formuló ni se abordó el reporte a organismos de control.
8;ENTR-13;PREGUNTADA;Nosotros específicamente tenemos los técnicos de campo y tenemos un departamento de compras que se dedica a visitar proveedores. Y obviamente nosotros ya sabemos, tenemos registrado en nuestra base de datos los periodos de cosecha que ellos tienen.;29;2026-09-01_ENTR-13_Transcripcion.md;Es comprador: programa la cosecha con los proveedores.
9;ENTR-13;PREGUNTADA;el agricultor siempre se fija más en ver cómo está el ambiente, porque el agricultor de abajo, el de a pie, ese no entiende de INAMHI o de los reportes meteorológicos. Ellos no creen en eso. Entonces, la gente siempre se fija más en las condiciones del cielo y eso es lo que la gente ve primero para programar alguna actividad que se tenga en campo.;49;2026-09-01_ENTR-13_Transcripcion.md;
10;ENTR-13;PREGUNTADA;en fincas pequeñas a lo mucho llevan una agenda, una libreta.;55;2026-09-01_ENTR-13_Transcripcion.md;
11;ENTR-13;PREGUNTADA;toda la información de las labores que están pendientes de hacer y las labores que ya se han hecho.;77;2026-09-01_ENTR-13_Transcripcion.md;
12;ENTR-13;PREGUNTADA;La tecnología debe estar ligada actualmente a la agricultura.;73;2026-09-01_ENTR-13_Transcripcion.md;
13;ENTR-13;PREGUNTADA;primeramente, a veces cuando la gente es un poquito incumplida.;39;2026-09-01_ENTR-13_Transcripcion.md;
1;ENTR-14;NO_ABORDADA;;;2026-09-01_ENTR-14_Transcripcion.md;
2;ENTR-14;PREGUNTADA;"hay dos tipos de organizaciones. Hay unas que se hacen escritas con una bitácora; otra, empíricamente, se le dice al trabajador qué es lo que va a realizar en el día de trabajo.";15;2026-09-01_ENTR-14_Transcripcion.md;
3;ENTR-14;NO_ABORDADA;;;2026-09-01_ENTR-14_Transcripcion.md;"No se formuló; solo se pregunta por reingreso o carencia en la guía A.2."
4;ENTR-14;NO_ABORDADA;;;2026-09-01_ENTR-14_Transcripcion.md;
5;ENTR-14;NO_ABORDADA;;;2026-09-01_ENTR-14_Transcripcion.md;
6;ENTR-14;PREGUNTADA;el control se lleva mediante una bitácora. Se hace para la semana un documento firmado por el administrador, donde se indica qué es lo que vamos a hacer esa semana.;19;2026-09-01_ENTR-14_Transcripcion.md;
7;ENTR-14;NO_ABORDADA;;;2026-09-01_ENTR-14_Transcripcion.md;No se formuló ni se abordó el reporte a organismos de control.
8;ENTR-14;NO_ABORDADA;;;2026-09-01_ENTR-14_Transcripcion.md;
9;ENTR-14;NO_ABORDADA;;;2026-09-01_ENTR-14_Transcripcion.md;
10;ENTR-14;ESPONTANEA;esto se hace mediante una bitácora semanal, una semana antes de lo que vamos a hacer la siguiente semana;47;2026-09-01_ENTR-14_Transcripcion.md;"Bitácora semanal (documento firmado); no indica si es en papel o en hoja de cálculo."
11;ENTR-14;PREGUNTADA;Especialmente las labores que vamos a hacer a la semana;47;2026-09-01_ENTR-14_Transcripcion.md;
12;ENTR-14;PREGUNTADA;Parece interesante. El otro día sí me pasaron una información de esa aplicación. Me parecía interesante. Espero que sea precisa también, que sea precisa en qué es lo que necesita la planta. Muy interesante me parece.;43;2026-09-01_ENTR-14_Transcripcion.md;
13;ENTR-14;PREGUNTADA;El problema más común son los productos. Hay que tener en cuenta que el producto llegue a la finca y sea aplicado en su totalidad.;27;2026-09-01_ENTR-14_Transcripcion.md;
1;ENTR-15;NO_ABORDADA;;;2026-09-01_ENTR-15_Transcripcion.md;
2;ENTR-15;PARCIAL;recurriría principalmente a la persona encargada del campo. Sería el jefe de campo, eh podría ser eh el administrador;26;2026-09-01_ENTR-15_Transcripcion.md;"A quién consulta lo que se hizo en un lote; no cómo se planifica."
3;ENTR-15;NO_ABORDADA;;;2026-09-01_ENTR-15_Transcripcion.md;"No se formuló; solo se pregunta por reingreso o carencia en la guía A.2."
4;ENTR-15;NO_ABORDADA;;;2026-09-01_ENTR-15_Transcripcion.md;
5;ENTR-15;NO_ABORDADA;;;2026-09-01_ENTR-15_Transcripcion.md;
6;ENTR-15;PREGUNTADA;creo que no tanto se basaría en el seguimiento del de la de la persona, más se debería enfocar como en los trabajos que se realizó.;42;2026-09-01_ENTR-15_Transcripcion.md;Pregunta sobre registrar por GPS el recorrido del personal.
7;ENTR-15;NO_ABORDADA;;;2026-09-01_ENTR-15_Transcripcion.md;No se formuló ni se abordó el reporte a organismos de control.
8;ENTR-15;NO_ABORDADA;;;2026-09-01_ENTR-15_Transcripcion.md;
9;ENTR-15;NO_ABORDADA;;;2026-09-01_ENTR-15_Transcripcion.md;
10;ENTR-15;PREGUNTADA;Por lo general solo hacen con papel.;14;2026-09-01_ENTR-15_Transcripcion.md;
11;ENTR-15;PREGUNTADA;Sería lo lo primordial, atender lo que está atrasado, pendiente como quiera en el lote. Lo segundo, el personal, si el personal está disponible para el siguiente día, porque muchas veces los trabajadores faltan. Y aparte de eso, los equipos, si los equipos están en una buena condición.;30;2026-09-01_ENTR-15_Transcripcion.md;
12;ENTR-15;PARCIAL;al recibir la notificación iría directamente al sector donde está pasando aquello.;34;2026-09-01_ENTR-15_Transcripcion.md;"Ante un aviso de posible plaga; no valora un diagnóstico automático."
13;ENTR-15;PARCIAL;Sí, cuando se trata de sacar las herramientas o el equipo, por ejemplo de fertilización, en lo que se respecto a bodega. Eh, aquello cuando no se no se llega a tiempo, no no se pasa el papeleo, como quiera, no te dan el producto que tú requieres, lo cual eso te atrasa en la labor;18;2026-09-01_ENTR-15_Transcripcion.md;"Problema por información que llega tarde; no es 'el principal problema' de la gestión."
1;ENTR-16;NO_ABORDADA;;;2026-09-01_ENTR-16_Transcripcion.md;
2;ENTR-16;PREGUNTADA;dependerá mucho de la organización de una finca, si es empresarial o si es familiar.;18;2026-09-01_ENTR-16_Transcripcion.md;
3;ENTR-16;NO_ABORDADA;;;2026-09-01_ENTR-16_Transcripcion.md;"No se formuló; solo se pregunta por reingreso o carencia en la guía A.2."
4;ENTR-16;NO_ABORDADA;;;2026-09-01_ENTR-16_Transcripcion.md;
5;ENTR-16;NO_ABORDADA;;;2026-09-01_ENTR-16_Transcripcion.md;
6;ENTR-16;PREGUNTADA;Dependerá mucho de los dos ámbitos, ¿no?, si es empresarial o si es doméstico.;22;2026-09-01_ENTR-16_Transcripcion.md;
7;ENTR-16;NO_ABORDADA;;;2026-09-01_ENTR-16_Transcripcion.md;No se formuló ni se abordó el reporte a organismos de control.
8;ENTR-16;NO_ABORDADA;;;2026-09-01_ENTR-16_Transcripcion.md;
9;ENTR-16;NO_ABORDADA;;;2026-09-01_ENTR-16_Transcripcion.md;
10;ENTR-16;PARCIAL;Una optimización de procesos en el área agrícola vendría muy bien ahora en la actualidad.;30;2026-09-01_ENTR-16_Transcripcion.md;Habla de soluciones informáticas en general.
11;ENTR-16;PREGUNTADA;lo que más interesaría en ese entonces en su implementación y en el análisis sobre todo es el tema de la trazabilidad, que comprende entre cosechas, cultivos y manejos del fruto.;42;2026-09-01_ENTR-16_Transcripcion.md;
12;ENTR-16;NO_ABORDADA;;;2026-09-01_ENTR-16_Transcripcion.md;
13;ENTR-16;PREGUNTADA;el problema más común que existe son las enfermedades.;26;2026-09-01_ENTR-16_Transcripcion.md;
