id_requisito;tipo;nombre;evidencias_citadas;fecha_evidencia_mas_antigua;tipo_evidencia;requisitos_referidos;referencias_legales;commit_alta;fecha_commit_alta;CLASIFICACION_PROPUESTA;MOTIVO_PROPUESTA;en_propuesta_inicial;CLASIFICACION_VERIFICADA;VERIFICADO_POR;ALERTA;origen_completo_ers;de_donde_sale_el_origen
RF-01;RF;Autenticación y control de acceso por rol;"EV-01; EV-07; EV-09";2026-05-23;"Entrevista (audio); Entrevista (video); Observación de campo";;;35fff3c;2026-08-02;elicitado;cita evidencia: EV-01, EV-07, EV-09;;;;;Administrador general · \id{EV-01}, \id{EV-07}, \id{EV-09};campo Actor / Origen (evidencia) del ERS
RF-02;RF;Gestión de plantaciones y lotes;"EV-01; EV-02; EV-11";2026-05-23;"Entrevista (audio); Entrevista (video); Documentos de la organización";;;35fff3c;2026-08-02;elicitado;cita evidencia: EV-01, EV-02, EV-11;;;;;Administrador general · \id{EV-01}, \id{EV-02}, \id{EV-11};campo Actor / Origen (evidencia) del ERS
RF-03;RF;Gestión de personal y equipos de trabajo;"EV-01; EV-11";2026-05-23;"Entrevista (audio); Documentos de la organización";;;35fff3c;2026-08-02;elicitado;cita evidencia: EV-01, EV-11;senalado en el plan de mejora (correspondencia a verificar);;;FUNCIONALIDAD YA EN LA PROPUESTA DEL 2026-05-05 (senalado en el plan de mejora (correspondencia a verificar)), anterior a su evidencia 2026-05-23;Administrador general · \id{EV-01}, \id{EV-11};campo Actor / Origen (evidencia) del ERS
RF-04;RF;Registro de labores agrícolas;"EV-01; EV-02; EV-05; EV-06; EV-11";2026-05-23;"Entrevista (audio); Entrevista (video); Entrevista (video); Entrevista (video); Documentos de la organización";;;35fff3c;2026-08-02;elicitado;cita evidencia: EV-01, EV-02, EV-05, EV-06, EV-11;;;;;Trabajador agrícola / Jefe de campo · \id{EV-01}, \id{EV-02}, \id{EV-05}, \id{EV-06}, \id{EV-11};campo Actor / Origen (evidencia) del ERS
RF-05;RF;Registro de monitoreo fitosanitario;"EV-01; EV-02; EV-09";2026-05-23;"Entrevista (audio); Entrevista (video); Observación de campo";;;35fff3c;2026-08-02;elicitado;cita evidencia: EV-01, EV-02, EV-09;;;;;Técnico fitosanitario · \id{EV-01}, \id{EV-02}, \id{EV-09};campo Actor / Origen (evidencia) del ERS
RF-06;RF;Seguimiento de etapas del cultivo;EV-01;2026-05-23;Entrevista (audio);;;35fff3c;2026-08-02;elicitado;cita evidencia: EV-01;;;;;Administrador general · \id{EV-01};campo Actor / Origen (evidencia) del ERS
RF-07;RF;Detección de plagas y enfermedades por análisis de imagen;"EV-01; EV-02; EV-08";2026-05-23;"Entrevista (audio); Entrevista (video); Entrevista (video)";;;35fff3c;2026-08-02;elicitado;cita evidencia: EV-01, EV-02, EV-08;senalado en el plan de mejora (correspondencia a verificar);;;FUNCIONALIDAD YA EN LA PROPUESTA DEL 2026-05-05 (senalado en el plan de mejora (correspondencia a verificar)), anterior a su evidencia 2026-05-23;Técnico fitosanitario / Trabajador agrícola · \id{EV-01}, \id{EV-02}, \id{EV-08};campo Actor / Origen (evidencia) del ERS
RF-08;RF;Diagnóstico de deficiencias nutricionales por análisis de imagen;"EV-02; EV-04";2026-05-23;"Entrevista (video); Entrevista (video)";;;35fff3c;2026-08-02;elicitado;cita evidencia: EV-02, EV-04;senalado en el plan de mejora (correspondencia a verificar);;;FUNCIONALIDAD YA EN LA PROPUESTA DEL 2026-05-05 (senalado en el plan de mejora (correspondencia a verificar)), anterior a su evidencia 2026-05-23;Administrador / Asesor técnico · \id{EV-02}, \id{EV-04};campo Actor / Origen (evidencia) del ERS
RF-09;RF;Ficha técnica de plaga con recomendación de control;"EV-01; EV-02";2026-05-23;"Entrevista (audio); Entrevista (video)";;;35fff3c;2026-08-02;elicitado;cita evidencia: EV-01, EV-02;;;;;Técnico fitosanitario · \id{EV-01}, \id{EV-02};campo Actor / Origen (evidencia) del ERS
RF-10;RF;Gestión de variedades de palma;"EV-01; EV-02; EV-04";2026-05-23;"Entrevista (audio); Entrevista (video); Entrevista (video)";;;35fff3c;2026-08-02;elicitado;cita evidencia: EV-01, EV-02, EV-04;;;;;Administrador / Asesor técnico · \id{EV-01}, \id{EV-02}, \id{EV-04};campo Actor / Origen (evidencia) del ERS
RF-11;RF;Registro de análisis de suelo y foliar;"EV-02; EV-04";2026-05-23;"Entrevista (video); Entrevista (video)";;;35fff3c;2026-08-02;elicitado;cita evidencia: EV-02, EV-04;;;;;Administrador / Asesor técnico · \id{EV-02}, \id{EV-04};campo Actor / Origen (evidencia) del ERS
RF-12;RF;Generación de alertas tempranas;"EV-01; EV-02";2026-05-23;"Entrevista (audio); Entrevista (video)";;;35fff3c;2026-08-02;elicitado;cita evidencia: EV-01, EV-02;;;;;Técnico / Administrador general · \id{EV-01}, \id{EV-02};campo Actor / Origen (evidencia) del ERS
RF-13;RF;Registro del proceso de polinización;EV-03;2026-05-23;Entrevista (video);;;35fff3c;2026-08-02;elicitado;cita evidencia: EV-03;;;;;Jefe de polinización / Polinizador · \id{EV-03};campo Actor / Origen (evidencia) del ERS
RF-14;RF;Conteo georreferenciado de flores polinizadas;EV-03;2026-05-23;Entrevista (video);;;35fff3c;2026-08-02;elicitado;cita evidencia: EV-03;;;;;Polinizador · \id{EV-03};campo Actor / Origen (evidencia) del ERS
RF-15;RF;Registro y visualización de recorridos del personal;"EV-01; EV-02; EV-03";2026-05-23;"Entrevista (audio); Entrevista (video); Entrevista (video)";;;35fff3c;2026-08-02;elicitado;cita evidencia: EV-01, EV-02, EV-03;;;;;Administrador general · \id{EV-01}, \id{EV-02}, \id{EV-03};campo Actor / Origen (evidencia) del ERS
RF-16;RF;Evaluación de desempeño del personal;"EV-01; EV-02; EV-03";2026-05-23;"Entrevista (audio); Entrevista (video); Entrevista (video)";;;35fff3c;2026-08-02;elicitado;cita evidencia: EV-01, EV-02, EV-03;;;;;Administrador general · \id{EV-01}, \id{EV-02}, \id{EV-03};campo Actor / Origen (evidencia) del ERS
RF-17;RF;Registro y consulta de datos climáticos;"EV-01; EV-02; EV-03";2026-05-23;"Entrevista (audio); Entrevista (video); Entrevista (video)";;;35fff3c;2026-08-02;elicitado;cita evidencia: EV-01, EV-02, EV-03;;;;;Administrador general / Asesor técnico · \id{EV-01}, \id{EV-02}, \id{EV-03};campo Actor / Origen (evidencia) del ERS
RF-18;RF;Estimación de producción y rendimiento;"EV-01; EV-02";2026-05-23;"Entrevista (audio); Entrevista (video)";;;35fff3c;2026-08-02;elicitado;cita evidencia: EV-01, EV-02;senalado en el plan de mejora (correspondencia a verificar);;;FUNCIONALIDAD YA EN LA PROPUESTA DEL 2026-05-05 (senalado en el plan de mejora (correspondencia a verificar)), anterior a su evidencia 2026-05-23;Administrador general / Asesor técnico · \id{EV-01}, \id{EV-02};campo Actor / Origen (evidencia) del ERS
RF-19;RF;Generación de reportes;"EV-01; EV-02; EV-11";2026-05-23;"Entrevista (audio); Entrevista (video); Documentos de la organización";;;35fff3c;2026-08-02;elicitado;cita evidencia: EV-01, EV-02, EV-11;;;;;Administrador general · \id{EV-01}, \id{EV-02}, \id{EV-11};campo Actor / Origen (evidencia) del ERS
RF-20;RF;Historial de actividades, diagnósticos y eventos;EV-01;2026-05-23;Entrevista (audio);;;35fff3c;2026-08-02;elicitado;cita evidencia: EV-01;;;;;Administrador general / Técnico · \id{EV-01};campo Actor / Origen (evidencia) del ERS
RF-21;RF;Clasificación de madurez del racimo por desprendimiento;"EV-04; EV-08";2026-07-28;"Entrevista (video); Entrevista (video)";;;35fff3c;2026-08-02;elicitado;cita evidencia: EV-04, EV-08;;;;;Técnico de la extractora / Cosechador · \id{EV-04}, \id{EV-08};campo Actor / Origen (evidencia) del ERS
RF-22;RF;Estimación y alerta preventiva de porcentaje de fruta verde;"EV-04; EV-08";2026-07-28;"Entrevista (video); Entrevista (video)";;;35fff3c;2026-08-02;elicitado;cita evidencia: EV-04, EV-08;;;;;Administrador general / Técnico de la extractora · \id{EV-04}, \id{EV-08};campo Actor / Origen (evidencia) del ERS
RF-23;RF;Registro de la calificación de calidad emitida por la extractora;EV-04;2026-07-28;Entrevista (video);;;35fff3c;2026-08-02;elicitado;cita evidencia: EV-04;;;;;Administrador general · \id{EV-04};campo Actor / Origen (evidencia) del ERS
RF-24;RF;Trazabilidad de la calificación hasta la cuadrilla responsable;"EV-04; EV-08";2026-07-28;"Entrevista (video); Entrevista (video)";;;35fff3c;2026-08-02;elicitado;cita evidencia: EV-04, EV-08;;;;;Técnico de la extractora / Administrador general · \id{EV-04}, \id{EV-08};campo Actor / Origen (evidencia) del ERS
RF-25;RF;Control de la ventana entre corte y entrega;EV-04;2026-07-28;Entrevista (video);;;35fff3c;2026-08-02;elicitado;cita evidencia: EV-04;;;;;Técnico de la extractora · \id{EV-04};campo Actor / Origen (evidencia) del ERS
RF-26;RF;Planificación semanal de labores con presupuesto;EV-11;2026-07-24;Documentos de la organización;;;35fff3c;2026-08-02;elicitado;cita evidencia: EV-11;;;;;Administrador general · \id{EV-11};campo Actor / Origen (evidencia) del ERS
RF-27;RF;Arrastre de labor incompleta a la semana siguiente;EV-11;2026-07-24;Documentos de la organización;;;35fff3c;2026-08-02;elicitado;cita evidencia: EV-11;;;;;Administrador general · \id{EV-11};campo Actor / Origen (evidencia) del ERS
RF-28;RF;Registro de avance por unidad de labor;"EV-05; EV-06; EV-11";2026-07-24;"Entrevista (video); Entrevista (video); Documentos de la organización";;;35fff3c;2026-08-02;elicitado;cita evidencia: EV-05, EV-06, EV-11;;;;;Trabajador agrícola · \id{EV-05}, \id{EV-06}, \id{EV-11};campo Actor / Origen (evidencia) del ERS
RF-29;RF;Consulta de avance acumulado y estimación de remuneración;"EV-06; EV-07";2026-07-28;"Entrevista (video); Entrevista (video)";;;35fff3c;2026-08-02;elicitado;cita evidencia: EV-06, EV-07;;;;;Trabajador agrícola · \id{EV-06}, \id{EV-07};campo Actor / Origen (evidencia) del ERS
RF-30;RF;Reporte de incidencia desde campo con evidencia fotográfica y georreferencia;EV-07;2026-08-02;Entrevista (video);;;35fff3c;2026-08-02;elicitado;cita evidencia: EV-07;;;;;Asistente de administración · \id{EV-07};campo Actor / Origen (evidencia) del ERS
RF-31;RF;Lista de verificación de pendientes por visita;EV-07;2026-08-02;Entrevista (video);;;35fff3c;2026-08-02;elicitado;cita evidencia: EV-07;;;;;Asistente de administración · \id{EV-07};campo Actor / Origen (evidencia) del ERS
RF-32;RF;Compartición de la estimación de cosecha con la planta extractora;EV-04;2026-07-28;Entrevista (video);;;35fff3c;2026-08-02;elicitado;cita evidencia: EV-04;;;;;Técnico de la extractora · \id{EV-04};campo Actor / Origen (evidencia) del ERS
RF-33;RF;Registro de la guía de remisión del despacho;EV-04;2026-07-28;Entrevista (video);;;35fff3c;2026-08-02;elicitado;cita evidencia: EV-04;;;;;Técnico de la extractora · \id{EV-04};campo Actor / Origen (evidencia) del ERS
RF-34;RF;Registro de solicitud de insumos asociada al plan;EV-11;2026-07-24;Documentos de la organización;;;35fff3c;2026-08-02;elicitado;cita evidencia: EV-11;;;;;Administrador general · \id{EV-11};campo Actor / Origen (evidencia) del ERS
RF-35;RF;Registro delegado para personal sin dispositivo propio;"EV-05; EV-12";2026-06-30;"Entrevista (video); Cuestionario ampliado";;;35fff3c;2026-08-02;elicitado;cita evidencia: EV-05, EV-12;;;;;Jefe de campo / Asistente de administración · \id{EV-12}, \id{EV-05};campo Actor / Origen (evidencia) del ERS
RF-36;RF;Catálogo codificado de labores con tarifa por unidad;EV-13;2026-08-03;Hoja de liquidación semanal;;;54bd614;2026-08-02;elicitado;cita evidencia: EV-13;;;;REQUISITO ANTERIOR A SU EVIDENCIA (alta 2026-08-02 < evidencia 2026-08-03);Administrador general · \id{EV-13};campo Actor / Origen (evidencia) del ERS
RF-37;RF;Liquidación semanal de presupuesto contra ejecución;"EV-11; EV-13";2026-07-24;"Documentos de la organización; Hoja de liquidación semanal";;;54bd614;2026-08-02;elicitado;cita evidencia: EV-11, EV-13;;;;;Administrador general · \id{EV-13}, \id{EV-11};campo Actor / Origen (evidencia) del ERS
RF-38;RF;Registro de labor no presupuestada;EV-13;2026-08-03;Hoja de liquidación semanal;;;54bd614;2026-08-02;elicitado;cita evidencia: EV-13;;;;REQUISITO ANTERIOR A SU EVIDENCIA (alta 2026-08-02 < evidencia 2026-08-03);Administrador general · \id{EV-13};campo Actor / Origen (evidencia) del ERS
RF-39;RF;Aprobación de la liquidación semanal;EV-13;2026-08-03;Hoja de liquidación semanal;;;54bd614;2026-08-02;elicitado;cita evidencia: EV-13;;;;REQUISITO ANTERIOR A SU EVIDENCIA (alta 2026-08-02 < evidencia 2026-08-03);Administrador general · \id{EV-13};campo Actor / Origen (evidencia) del ERS
RF-40;RF;Exportación de los datos personales de la persona titular;;;;;RL-04;14b9e6b;2026-08-31;normativo;el origen declarado invoca requisito legal: RL-04;;;;RF sin evidencia citada;Trabajador agrícola · \id{RL-04} (Art. 12 LOPDP);campo Actor / Origen (evidencia) del ERS
RF-41;RF;Rectificación de datos con conservación en bitácora;;;;;RL-05;14b9e6b;2026-08-31;normativo;el origen declarado invoca requisito legal: RL-05;;;;RF sin evidencia citada;Administrador general / Trabajador agrícola · \id{RL-05} (Art. 13 LOPDP);campo Actor / Origen (evidencia) del ERS
RF-42;RF;Supresión de datos personales con disociación del histórico productivo;;;;;RL-06;14b9e6b;2026-08-31;normativo;el origen declarado invoca requisito legal: RL-06;;;;RF sin evidencia citada;Administrador general · \id{RL-06} (Art. 14 LOPDP);campo Actor / Origen (evidencia) del ERS
RF-IA-01;RF-IA;El sistema debe clasificar una fotografía capturada en campo en una de las clases de afectación del catálogo o en la cla;;;;"RF-07; RF-08";;14b9e6b;2026-08-31;derivado;se apoya en requisito(s) previo(s): RF-07, RF-08;;;;"requisito de IA sin evidencia de campo; su origen es la tabla de trazabilidad, no una entrevista";\id{RF-07}, \id{RF-08} - Realiza la función de diagnóstico que ambos requisitos especificaban.;tabla de trazabilidad de los requisitos de IA (tab:traza-ia)
RF-IA-02;RF-IA;El sistema debe abstenerse de emitir clasificación cuando el nivel de confianza sea inferior al umbral configurado, info;;;;RF-07;;14b9e6b;2026-08-31;derivado;se apoya en requisito(s) previo(s): RF-07;;;;"requisito de IA sin evidencia de campo; su origen es la tabla de trazabilidad, no una entrevista";\id{RF-07} - Materializa el flujo alternativo B de \id{CU-01} (confianza insuficiente).;tabla de trazabilidad de los requisitos de IA (tab:traza-ia)
RF-IA-03;RF-IA;El sistema debe registrar cada inferencia con su entrada disociada, su salida, su nivel de confianza y la versión del mo;;;;"RNF-15; RNF-17";;14b9e6b;2026-08-31;derivado;se apoya en requisito(s) previo(s): RNF-15, RNF-17;;;;"requisito de IA sin evidencia de campo; su origen es la tabla de trazabilidad, no una entrevista";\id{RNF-15}, \id{RNF-17} - Aporta el registro sobre el que se sustenta el ciclo de reentrenamiento.;tabla de trazabilidad de los requisitos de IA (tab:traza-ia)
RF-IA-04;RF-IA;El sistema debe clasificar el grado de madurez de un racimo a partir de su fotografía, devolviendo el grado y el nivel d;;;;RF-21;;14b9e6b;2026-08-31;derivado;se apoya en requisito(s) previo(s): RF-21;;;;"requisito de IA sin evidencia de campo; su origen es la tabla de trazabilidad, no una entrevista";\id{RF-21} - Realiza la clasificación de madurez que \id{RF-21} especificaba.;tabla de trazabilidad de los requisitos de IA (tab:traza-ia)
RF-IA-05;RF-IA;El sistema debe estimar el porcentaje de fruta verde de una carga preparada para despacho y presentarlo siempre acompaña;;;;RF-22;;14b9e6b;2026-08-31;derivado;se apoya en requisito(s) previo(s): RF-22;;;;"requisito de IA sin evidencia de campo; su origen es la tabla de trazabilidad, no una entrevista";\id{RF-22} - Sustituye la estimación visual por una medición con intervalo declarado.;tabla de trazabilidad de los requisitos de IA (tab:traza-ia)
RF-IA-06;RF-IA;El sistema debe permitir que la persona que autoriza el despacho se aparte de la estimación, registrando el valor humano;;;;"RF-24; RF-33";;14b9e6b;2026-08-31;derivado;se apoya en requisito(s) previo(s): RF-24, RF-33;;;;"requisito de IA sin evidencia de campo; su origen es la tabla de trazabilidad, no una entrevista";\id{RF-24}, \id{RF-33} - Introduce la supervisión humana previa a la autorización del despacho.;tabla de trazabilidad de los requisitos de IA (tab:traza-ia)
RNF-01;RNF;Adecuación funcional;EV-04;2026-07-28;Entrevista (video);;;35fff3c;2026-08-02;elicitado;cita evidencia: EV-04;;;;;\footnotesize \id{EV-04};columna Origen de la tabla de RNF del ERS
RNF-02;RNF;Adecuación funcional;"EV-01; EV-02";2026-05-23;"Entrevista (audio); Entrevista (video)";;;35fff3c;2026-08-02;elicitado;cita evidencia: EV-01, EV-02;;;;;\footnotesize \id{EV-01}, \id{EV-02};columna Origen de la tabla de RNF del ERS
RNF-03;RNF;Eficiencia de desempeño;EV-12;2026-06-30;Cuestionario ampliado;;;35fff3c;2026-08-02;elicitado;cita evidencia: EV-12;;;;;\footnotesize \id{EV-12};columna Origen de la tabla de RNF del ERS
RNF-04;RNF;Eficiencia de desempeño;"EV-01; EV-02";2026-05-23;"Entrevista (audio); Entrevista (video)";;;35fff3c;2026-08-02;elicitado;cita evidencia: EV-01, EV-02;;;;;\footnotesize \id{EV-01}, \id{EV-02};columna Origen de la tabla de RNF del ERS
RNF-05;RNF;Eficiencia de desempeño;EV-03;2026-05-23;Entrevista (video);;;35fff3c;2026-08-02;elicitado;cita evidencia: EV-03;;;;;\footnotesize \id{EV-03};columna Origen de la tabla de RNF del ERS
RNF-06;RNF;Compatibilidad;EV-04;2026-07-28;Entrevista (video);;;35fff3c;2026-08-02;elicitado;cita evidencia: EV-04;;;;;\footnotesize \id{EV-04};columna Origen de la tabla de RNF del ERS
RNF-07;RNF;Compatibilidad;;;;;;35fff3c;2026-08-02;derivado;el ERS declara el origen literalmente como «Derivado», sin nombrar el requisito de procedencia;;;;ORIGEN «Derivado» SIN REQUISITO DE PROCEDENCIA IDENTIFICADO;\footnotesize Derivado;columna Origen de la tabla de RNF del ERS
RNF-08;RNF;Interacción de usuario;"EV-05; EV-06; EV-07";2026-07-28;"Entrevista (video); Entrevista (video); Entrevista (video)";;;35fff3c;2026-08-02;elicitado;cita evidencia: EV-05, EV-06, EV-07;;;;;\id{EV-05}, \id{EV-06}, \id{EV-07};columna Origen de la tabla de RNF del ERS
RNF-09;RNF;Interacción de usuario;"EV-01; EV-07";2026-05-23;"Entrevista (audio); Entrevista (video)";;;35fff3c;2026-08-02;elicitado;cita evidencia: EV-01, EV-07;;;;;\id{EV-01}, \id{EV-07};columna Origen de la tabla de RNF del ERS
RNF-10;RNF;Fiabilidad;;;;;;35fff3c;2026-08-02;derivado;el ERS declara el origen literalmente como «Derivado», sin nombrar el requisito de procedencia;;;;ORIGEN «Derivado» SIN REQUISITO DE PROCEDENCIA IDENTIFICADO;\footnotesize Derivado;columna Origen de la tabla de RNF del ERS
RNF-11;RNF;Fiabilidad;"EV-07; EV-10";2026-06-30;"Entrevista (video); Cuestionario piloto";;;35fff3c;2026-08-02;elicitado;cita evidencia: EV-07, EV-10;;;;;\id{EV-07}, \id{EV-10};columna Origen de la tabla de RNF del ERS
RNF-12;RNF;Fiabilidad;EV-03;2026-05-23;Entrevista (video);;;35fff3c;2026-08-02;elicitado;cita evidencia: EV-03;;;;;\footnotesize \id{EV-03};columna Origen de la tabla de RNF del ERS
RNF-13;RNF;Seguridad;;;;;;35fff3c;2026-08-02;derivado;el ERS declara el origen literalmente como «Derivado», sin nombrar el requisito de procedencia;;;;ORIGEN «Derivado» SIN REQUISITO DE PROCEDENCIA IDENTIFICADO;\footnotesize Derivado;columna Origen de la tabla de RNF del ERS
RNF-14;RNF;Seguridad;;;;;;35fff3c;2026-08-02;normativo;el origen declarado invoca norma o marco legal;;;;;\footnotesize \cite{lopdp} Art. 37;columna Origen de la tabla de RNF del ERS
RNF-15;RNF;Mantenibilidad;;;;;;35fff3c;2026-08-02;derivado;el ERS declara el origen literalmente como «Derivado», sin nombrar el requisito de procedencia;;;;ORIGEN «Derivado» SIN REQUISITO DE PROCEDENCIA IDENTIFICADO;\footnotesize Derivado;columna Origen de la tabla de RNF del ERS
RNF-16;RNF;Interacción de usuario;"EV-01; EV-02; EV-07";2026-05-23;"Entrevista (audio); Entrevista (video); Entrevista (video)";;;35fff3c;2026-08-02;elicitado;cita evidencia: EV-01, EV-02, EV-07;;;;;\footnotesize \id{EV-01}, \id{EV-02}, \id{EV-07};columna Origen de la tabla de RNF del ERS
RNF-17;RNF;Flexibilidad \newline \footnotesize(reemplazabilidad);;;;;;35fff3c;2026-08-02;derivado;el ERS declara el origen literalmente como «Derivado», sin nombrar el requisito de procedencia;;;;ORIGEN «Derivado» SIN REQUISITO DE PROCEDENCIA IDENTIFICADO;\footnotesize Derivado;columna Origen de la tabla de RNF del ERS
RNF-18;RNF;Flexibilidad \newline \footnotesize(adaptabilidad);EV-04;2026-07-28;Entrevista (video);;;35fff3c;2026-08-02;elicitado;cita evidencia: EV-04;;;;;\footnotesize \id{EV-04};columna Origen de la tabla de RNF del ERS
RNF-19;RNF;Seguridad física \newline \footnotesize(\emph{safety});EV-02;2026-05-23;Entrevista (video);;;14b9e6b;2026-08-31;elicitado;cita evidencia: EV-02;;;;;\footnotesize \id{EV-02};columna Origen de la tabla de RNF del ERS
RNF-IA-01;RNF-IA;Rendimiento;;;;"RNF-01; RNF-02; RNF-04";;14b9e6b;2026-08-31;derivado;se apoya en requisito(s) previo(s): RNF-01, RNF-02, RNF-04;;;;"requisito de IA sin evidencia de campo; su origen es la tabla de trazabilidad, no una entrevista";\id{RNF-01}, \id{RNF-02}, \id{RNF-04} - Precisan y sustituyen los umbrales genéricos de los RNF preexistentes.;tabla de trazabilidad de los requisitos de IA (tab:traza-ia)
RNF-IA-02;RNF-IA;Rendimiento;;;;"RNF-01; RNF-02; RNF-04";;14b9e6b;2026-08-31;derivado;se apoya en requisito(s) previo(s): RNF-01, RNF-02, RNF-04;;;;"requisito de IA sin evidencia de campo; su origen es la tabla de trazabilidad, no una entrevista";\id{RNF-01}, \id{RNF-02}, \id{RNF-04} - Precisan y sustituyen los umbrales genéricos de los RNF preexistentes.;tabla de trazabilidad de los requisitos de IA (tab:traza-ia)
RNF-IA-03;RNF-IA;Rendimiento;;;;"RNF-01; RNF-02; RNF-04";;14b9e6b;2026-08-31;derivado;se apoya en requisito(s) previo(s): RNF-01, RNF-02, RNF-04;;;;"requisito de IA sin evidencia de campo; su origen es la tabla de trazabilidad, no una entrevista";\id{RNF-01}, \id{RNF-02}, \id{RNF-04} - Precisan y sustituyen los umbrales genéricos de los RNF preexistentes.;tabla de trazabilidad de los requisitos de IA (tab:traza-ia)
RNF-IA-04;RNF-IA;Equidad;;;;"RD-01; RNF-18";;14b9e6b;2026-08-31;derivado;se apoya en requisito(s) previo(s): RD-01, RNF-18;;;;"requisito de IA sin evidencia de campo; su origen es la tabla de trazabilidad, no una entrevista";\id{RD-01}, \id{RNF-18} - Derivan de la restricción de dispositivo propio y de la parametrización por variedad.;tabla de trazabilidad de los requisitos de IA (tab:traza-ia)
RNF-IA-05;RNF-IA;Equidad;;;;"RD-01; RNF-18";;14b9e6b;2026-08-31;derivado;se apoya en requisito(s) previo(s): RD-01, RNF-18;;;;"requisito de IA sin evidencia de campo; su origen es la tabla de trazabilidad, no una entrevista";\id{RD-01}, \id{RNF-18} - Derivan de la restricción de dispositivo propio y de la parametrización por variedad.;tabla de trazabilidad de los requisitos de IA (tab:traza-ia)
RNF-IA-06;RNF-IA;Explicabilidad;;;;"RNF-16; RNF-19";;14b9e6b;2026-08-31;derivado;se apoya en requisito(s) previo(s): RNF-16, RNF-19;;;;"requisito de IA sin evidencia de campo; su origen es la tabla de trazabilidad, no una entrevista";\id{RNF-16}, \id{RNF-19} - Especializa el requisito general de explicabilidad para el componente.;tabla de trazabilidad de los requisitos de IA (tab:traza-ia)
RNF-IA-07;RNF-IA;Rendimiento;;;;"RNF-01; RNF-04";;14b9e6b;2026-08-31;derivado;se apoya en requisito(s) previo(s): RNF-01, RNF-04;;;;"requisito de IA sin evidencia de campo; su origen es la tabla de trazabilidad, no una entrevista";\id{RNF-01}, \id{RNF-04} - Fijan umbral y método para el componente de madurez.;tabla de trazabilidad de los requisitos de IA (tab:traza-ia)
RNF-IA-08;RNF-IA;Rendimiento;;;;"RNF-01; RNF-04";;14b9e6b;2026-08-31;derivado;se apoya en requisito(s) previo(s): RNF-01, RNF-04;;;;"requisito de IA sin evidencia de campo; su origen es la tabla de trazabilidad, no una entrevista";\id{RNF-01}, \id{RNF-04} - Fijan umbral y método para el componente de madurez.;tabla de trazabilidad de los requisitos de IA (tab:traza-ia)
RNF-IA-09;RNF-IA;Rendimiento;;;;"RNF-01; RNF-04";;14b9e6b;2026-08-31;derivado;se apoya en requisito(s) previo(s): RNF-01, RNF-04;;;;"requisito de IA sin evidencia de campo; su origen es la tabla de trazabilidad, no una entrevista";\id{RNF-01}, \id{RNF-04} - Fijan umbral y método para el componente de madurez.;tabla de trazabilidad de los requisitos de IA (tab:traza-ia)
RNF-IA-10;RNF-IA;Equidad;;;;"RF-24; RNF-18";;14b9e6b;2026-08-31;derivado;se apoya en requisito(s) previo(s): RF-24, RNF-18;;;;"requisito de IA sin evidencia de campo; su origen es la tabla de trazabilidad, no una entrevista";\id{RF-24}, \id{RNF-18} - Vigilan el sesgo con consecuencia económica sobre personas y por variedad.;tabla de trazabilidad de los requisitos de IA (tab:traza-ia)
RNF-IA-11;RNF-IA;Equidad;;;;"RF-24; RNF-18";;14b9e6b;2026-08-31;derivado;se apoya en requisito(s) previo(s): RF-24, RNF-18;;;;"requisito de IA sin evidencia de campo; su origen es la tabla de trazabilidad, no una entrevista";\id{RF-24}, \id{RNF-18} - Vigilan el sesgo con consecuencia económica sobre personas y por variedad.;tabla de trazabilidad de los requisitos de IA (tab:traza-ia)
RNF-IA-12;RNF-IA;Explicabilidad;;;;RNF-16;;14b9e6b;2026-08-31;derivado;se apoya en requisito(s) previo(s): RNF-16;;;;"requisito de IA sin evidencia de campo; su origen es la tabla de trazabilidad, no una entrevista";\id{RNF-16} - Especializa la explicabilidad para la estimación de fruta verde.;tabla de trazabilidad de los requisitos de IA (tab:traza-ia)
