id_archivo;tipo;fecha;codigo_participante;duracion_segundos;codec;tamano_bytes;sha256;contenedor;ruta_en_contenedor;estado_archivo;estado_hash;ruta_detectada_relativa;repositorio;url_release
2026-05-23_Administrador_ENTR-02_Entrevista.mp3;audio;2026-05-23;ENTR-02;1769.856;mp3;28317979;79ba84ddc33269d7e37e53a4154c888925873c43ddf3b431e3c8de4ac800d1da;evidencias_entrevistas_audios.7z;audios/2026-05-23_Administrador_ENTR-02_Entrevista.mp3;RUTA;OK;audios/2026-05-23_Administrador_ENTR-02_Entrevista.mp3;https://github.com/erizzov-boop/SIMPA_ISR401_Evidencias;https://github.com/erizzov-boop/SIMPA_ISR401_Evidencias/releases/download/v1.0-evidencias/evidencias_entrevistas_audios.7z
2026-05-23_AdministradorGeneral_ENTR-01_Entrevista.mp3;audio;2026-05-23;ENTR-01;1089.816;mp3;17437339;a0693a22fe0bc38cfd27215b8408a95c8b4095caa60c7e4d8fa691966561b1e1;evidencias_entrevistas_audios.7z;audios/2026-05-23_AdministradorGeneral_ENTR-01_Entrevista.mp3;RUTA;OK;audios/2026-05-23_AdministradorGeneral_ENTR-01_Entrevista.mp3;https://github.com/erizzov-boop/SIMPA_ISR401_Evidencias;https://github.com/erizzov-boop/SIMPA_ISR401_Evidencias/releases/download/v1.0-evidencias/evidencias_entrevistas_audios.7z
2026-05-23_JefePolinizacion_ENTR-03_Entrevista.mp3;audio;2026-05-23;ENTR-03;313.944;mp3;5023387;2ad85cf8bc40439fc674a66ccb6ba7cc8c95e94a7cb7daca690aa5240e497aa4;evidencias_entrevistas_audios.7z;audios/2026-05-23_JefePolinizacion_ENTR-03_Entrevista.mp3;RUTA;OK;audios/2026-05-23_JefePolinizacion_ENTR-03_Entrevista.mp3;https://github.com/erizzov-boop/SIMPA_ISR401_Evidencias;https://github.com/erizzov-boop/SIMPA_ISR401_Evidencias/releases/download/v1.0-evidencias/evidencias_entrevistas_audios.7z
2026-07-28_AsistenteAdministracion_ENTR-07_Entrevista.mp3;audio;2026-07-28;ENTR-07;332.825333;mp3;10959117;3a0d48d8aa435e3938cb7ca24cf3e233bf5b164c4378ffab97f1321f51bce84a;evidencias_entrevistas_audios.7z;audios/2026-07-28_AsistenteAdministracion_ENTR-07_Entrevista.mp3;RUTA;OK;audios/2026-07-28_AsistenteAdministracion_ENTR-07_Entrevista.mp3;https://github.com/erizzov-boop/SIMPA_ISR401_Evidencias;https://github.com/erizzov-boop/SIMPA_ISR401_Evidencias/releases/download/v1.0-evidencias/evidencias_entrevistas_audios.7z
2026-07-28_TecnicoExtractora_ENTR-04_Entrevista.mp3;audio;2026-07-28;ENTR-04;804.12;mp3;12866203;f79a3399214fd83328ba8b18400b8446850ad29798e752b7ed468be878ee7d87;evidencias_entrevistas_audios.7z;audios/2026-07-28_TecnicoExtractora_ENTR-04_Entrevista.mp3;RUTA;OK;audios/2026-07-28_TecnicoExtractora_ENTR-04_Entrevista.mp3;https://github.com/erizzov-boop/SIMPA_ISR401_Evidencias;https://github.com/erizzov-boop/SIMPA_ISR401_Evidencias/releases/download/v1.0-evidencias/evidencias_entrevistas_audios.7z
2026-07-28_TecnicoExtractora_ENTR-08_Entrevista.mp3;audio;2026-07-28;ENTR-08;559.584;mp3;8953627;3d3f449417afd9638f58df0af36d2cb4a7ba9f278d9ce08c6f26ae3f16f8c7c0;evidencias_entrevistas_audios.7z;audios/2026-07-28_TecnicoExtractora_ENTR-08_Entrevista.mp3;RUTA;OK;audios/2026-07-28_TecnicoExtractora_ENTR-08_Entrevista.mp3;https://github.com/erizzov-boop/SIMPA_ISR401_Evidencias;https://github.com/erizzov-boop/SIMPA_ISR401_Evidencias/releases/download/v1.0-evidencias/evidencias_entrevistas_audios.7z
2026-07-28_TrabajadorAgricola_ENTR-05_Entrevista.mp3;audio;2026-07-28;ENTR-05;318.576;mp3;5097499;961189b285f845c53de566a5b6b5d9055d86414d9ff1909561d9178903ed8ec4;evidencias_entrevistas_audios.7z;audios/2026-07-28_TrabajadorAgricola_ENTR-05_Entrevista.mp3;RUTA;OK;audios/2026-07-28_TrabajadorAgricola_ENTR-05_Entrevista.mp3;https://github.com/erizzov-boop/SIMPA_ISR401_Evidencias;https://github.com/erizzov-boop/SIMPA_ISR401_Evidencias/releases/download/v1.0-evidencias/evidencias_entrevistas_audios.7z
2026-07-28_TrabajadorAgricola_ENTR-06_Entrevista.mp3;audio;2026-07-28;ENTR-06;154.08;mp3;2465563;1e9fabc0f30c71b2f84aa4de7417e4508415d9131ef706c60007ed17de4892a7;evidencias_entrevistas_audios.7z;audios/2026-07-28_TrabajadorAgricola_ENTR-06_Entrevista.mp3;RUTA;OK;audios/2026-07-28_TrabajadorAgricola_ENTR-06_Entrevista.mp3;https://github.com/erizzov-boop/SIMPA_ISR401_Evidencias;https://github.com/erizzov-boop/SIMPA_ISR401_Evidencias/releases/download/v1.0-evidencias/evidencias_entrevistas_audios.7z
2026-08-31_AsistenteTecnico_ENTR-09_Entrevista.mp3;audio;2026-08-31;ENTR-09;487.381333;mp3;8133138;2e7ca9b53f3f768d247da9dcd4c2031c647a438f6af5afe4a0f421fa00da77b3;evidencias_entrevistas_audios.7z;audios/2026-08-31_AsistenteTecnico_ENTR-09_Entrevista.mp3;RUTA;OK;audios/2026-08-31_AsistenteTecnico_ENTR-09_Entrevista.mp3;https://github.com/erizzov-boop/SIMPA_ISR401_Evidencias;https://github.com/erizzov-boop/SIMPA_ISR401_Evidencias/releases/download/v1.0-evidencias/evidencias_entrevistas_audios.7z
2026-08-31_EstudianteCarreraAfin_ENTR-10_Entrevista.mp3;audio;2026-08-31;ENTR-10;500.297143;mp3;6811334;2a6f8c453dbe5b914629c6b1e5d486120fc0bb3f370384a898e03d00297dcf53;evidencias_entrevistas_audios.7z;audios/2026-08-31_EstudianteCarreraAfin_ENTR-10_Entrevista.mp3;RUTA;OK;audios/2026-08-31_EstudianteCarreraAfin_ENTR-10_Entrevista.mp3;https://github.com/erizzov-boop/SIMPA_ISR401_Evidencias;https://github.com/erizzov-boop/SIMPA_ISR401_Evidencias/releases/download/v1.0-evidencias/evidencias_entrevistas_audios.7z
2026-08-31_EstudianteCarreraAfin_ENTR-11_Entrevista.mp3;audio;2026-08-31;ENTR-11;486.759909;mp3;6613744;5c44bc1bf901ab400a017d69c5541f87e7be8c68f86e11f3db6599a41a2c3b38;evidencias_entrevistas_audios.7z;audios/2026-08-31_EstudianteCarreraAfin_ENTR-11_Entrevista.mp3;RUTA;OK;audios/2026-08-31_EstudianteCarreraAfin_ENTR-11_Entrevista.mp3;https://github.com/erizzov-boop/SIMPA_ISR401_Evidencias;https://github.com/erizzov-boop/SIMPA_ISR401_Evidencias/releases/download/v1.0-evidencias/evidencias_entrevistas_audios.7z
2026-08-31_IngenieraBiotecnologia_ENTR-12_Entrevista.mp3;audio;2026-08-31;ENTR-12;489.621333;mp3;13427020;e2fb5d71ff6dda2ce107fb90cab8b0dd8bbb3515c2de818a8c4495a129af4a5b;evidencias_entrevistas_audios.7z;audios/2026-08-31_IngenieraBiotecnologia_ENTR-12_Entrevista.mp3;RUTA;OK;audios/2026-08-31_IngenieraBiotecnologia_ENTR-12_Entrevista.mp3;https://github.com/erizzov-boop/SIMPA_ISR401_Evidencias;https://github.com/erizzov-boop/SIMPA_ISR401_Evidencias/releases/download/v1.0-evidencias/evidencias_entrevistas_audios.7z
2026-09-01_EstudianteCarreraAfin_ENTR-15_Entrevista.mp3;audio;2026-09-01;ENTR-15;489.432;mp3;7831050;e9912832068878be9a006b972fe85c60e4a893b71a1e5b4733fc38003801ad72;evidencias_entrevistas_audios.7z;audios/2026-09-01_EstudianteCarreraAfin_ENTR-15_Entrevista.mp3;RUTA;OK;audios/2026-09-01_EstudianteCarreraAfin_ENTR-15_Entrevista.mp3;https://github.com/erizzov-boop/SIMPA_ISR401_Evidencias;https://github.com/erizzov-boop/SIMPA_ISR401_Evidencias/releases/download/v1.0-evidencias/evidencias_entrevistas_audios.7z
2026-09-01_IngenieroAgronomo_ENTR-13_Entrevista.mp3;audio;2026-09-01;ENTR-13;680.328;mp3;10885386;c58d2dfefa4cdb914866723566ea3420ec204fc81e3d93d57ee4d8d99d61a920;evidencias_entrevistas_audios.7z;audios/2026-09-01_IngenieroAgronomo_ENTR-13_Entrevista.mp3;RUTA;OK;audios/2026-09-01_IngenieroAgronomo_ENTR-13_Entrevista.mp3;https://github.com/erizzov-boop/SIMPA_ISR401_Evidencias;https://github.com/erizzov-boop/SIMPA_ISR401_Evidencias/releases/download/v1.0-evidencias/evidencias_entrevistas_audios.7z
2026-09-01_IngenieroAgropecuario_ENTR-14_Entrevista.mp3;audio;2026-09-01;ENTR-14;381.864;mp3;6109962;a23edf2a9a0e6267cbe1651569274dd2c5560d0b3f911af078387ede3e8930ad;evidencias_entrevistas_audios.7z;audios/2026-09-01_IngenieroAgropecuario_ENTR-14_Entrevista.mp3;RUTA;OK;audios/2026-09-01_IngenieroAgropecuario_ENTR-14_Entrevista.mp3;https://github.com/erizzov-boop/SIMPA_ISR401_Evidencias;https://github.com/erizzov-boop/SIMPA_ISR401_Evidencias/releases/download/v1.0-evidencias/evidencias_entrevistas_audios.7z
2026-09-01_IngenieroSitemas_ENTR-16_Entrevista.mp3;audio;2026-09-01;ENTR-16;525.096;mp3;8401674;d3724501ec7116c58c04b6f715a3d91ca819529e1ae52923f1e4e925727d79b7;evidencias_entrevistas_audios.7z;audios/2026-09-01_IngenieroSitemas_ENTR-16_Entrevista.mp3;RUTA;OK;audios/2026-09-01_IngenieroSitemas_ENTR-16_Entrevista.mp3;https://github.com/erizzov-boop/SIMPA_ISR401_Evidencias;https://github.com/erizzov-boop/SIMPA_ISR401_Evidencias/releases/download/v1.0-evidencias/evidencias_entrevistas_audios.7z
2026-05-23_Administrador_ENTR-02_Consentimiento_orig.jpg;imagen;2026-05-23;ENTR-02;N/A;N/A;324793;043c9bf359e9ce5699c3ab6cbd32de571acd784152030d3da1b298101f798ecd;evidencias_entrevistas_consentimientos.7z;consentimientos_firmados/2026-05-23_Administrador_ENTR-02_Consentimiento_orig.jpg;RUTA;OK;consentimientos_firmados/2026-05-23_Administrador_ENTR-02_Consentimiento_orig.jpg;https://github.com/erizzov-boop/SIMPA_ISR401_Evidencias;https://github.com/erizzov-boop/SIMPA_ISR401_Evidencias/releases/download/v1.0-evidencias/evidencias_entrevistas_consentimientos.7z
2026-05-23_AdministradorGeneral_ENTR-01_Consentimiento_orig.jpeg;imagen;2026-05-23;ENTR-01;N/A;N/A;237401;17ce5864fc5f7e8cb68ec6f816fea67013700d0dd8d361e03cd04acfb67587e0;evidencias_entrevistas_consentimientos.7z;consentimientos_firmados/2026-05-23_AdministradorGeneral_ENTR-01_Consentimiento_orig.jpeg;RUTA;OK;consentimientos_firmados/2026-05-23_AdministradorGeneral_ENTR-01_Consentimiento_orig.jpeg;https://github.com/erizzov-boop/SIMPA_ISR401_Evidencias;https://github.com/erizzov-boop/SIMPA_ISR401_Evidencias/releases/download/v1.0-evidencias/evidencias_entrevistas_consentimientos.7z
2026-05-23_JefePolinizacion_ENTR-03_Consentimiento_orig.jpeg;imagen;2026-05-23;ENTR-03;N/A;N/A;223682;2f5c6036a190c7b61a4ee29bd95959b63a66d3ddea18902f41e1b9b854d9cd1f;evidencias_entrevistas_consentimientos.7z;consentimientos_firmados/2026-05-23_JefePolinizacion_ENTR-03_Consentimiento_orig.jpeg;RUTA;OK;consentimientos_firmados/2026-05-23_JefePolinizacion_ENTR-03_Consentimiento_orig.jpeg;https://github.com/erizzov-boop/SIMPA_ISR401_Evidencias;https://github.com/erizzov-boop/SIMPA_ISR401_Evidencias/releases/download/v1.0-evidencias/evidencias_entrevistas_consentimientos.7z
2026-07-28_AsistenteAdministracion_ENTR-07_Consentimiento_orig.jpg;imagen;2026-07-28;ENTR-07;N/A;N/A;252774;2dc695bd27e2b0fdc96ab8701935860f4edfd097ca190a97bb8717555b440231;evidencias_entrevistas_consentimientos.7z;consentimientos_firmados/2026-07-28_AsistenteAdministracion_ENTR-07_Consentimiento_orig.jpg;RUTA;OK;consentimientos_firmados/2026-07-28_AsistenteAdministracion_ENTR-07_Consentimiento_orig.jpg;https://github.com/erizzov-boop/SIMPA_ISR401_Evidencias;https://github.com/erizzov-boop/SIMPA_ISR401_Evidencias/releases/download/v1.0-evidencias/evidencias_entrevistas_consentimientos.7z
2026-07-28_TecnicoExtractora_ENTR-04_Consentimiento_orig.jpg;imagen;2026-07-28;ENTR-04;N/A;N/A;364905;ec5fe6f141f791cdcfab0d347177bc3834fc272b4e174f7037457a4fea756304;evidencias_entrevistas_consentimientos.7z;consentimientos_firmados/2026-07-28_TecnicoExtractora_ENTR-04_Consentimiento_orig.jpg;RUTA;OK;consentimientos_firmados/2026-07-28_TecnicoExtractora_ENTR-04_Consentimiento_orig.jpg;https://github.com/erizzov-boop/SIMPA_ISR401_Evidencias;https://github.com/erizzov-boop/SIMPA_ISR401_Evidencias/releases/download/v1.0-evidencias/evidencias_entrevistas_consentimientos.7z
2026-07-28_TecnicoExtractora_ENTR-08_Consentimiento_orig.jpg;imagen;2026-07-28;ENTR-08;N/A;N/A;362051;5cddb1fe42b829118b02b73fe30c440025ab3439ed49651a1511190800cab802;evidencias_entrevistas_consentimientos.7z;consentimientos_firmados/2026-07-28_TecnicoExtractora_ENTR-08_Consentimiento_orig.jpg;RUTA;OK;consentimientos_firmados/2026-07-28_TecnicoExtractora_ENTR-08_Consentimiento_orig.jpg;https://github.com/erizzov-boop/SIMPA_ISR401_Evidencias;https://github.com/erizzov-boop/SIMPA_ISR401_Evidencias/releases/download/v1.0-evidencias/evidencias_entrevistas_consentimientos.7z
2026-07-28_TrabajadorAgricola_ENTR-05_Consentimiento_orig.jpg;imagen;2026-07-28;ENTR-05;N/A;N/A;374245;42bb9116f650a57987963a667e244c9cc55204b2ee6fd9d46c66f32fe02d6c4f;evidencias_entrevistas_consentimientos.7z;consentimientos_firmados/2026-07-28_TrabajadorAgricola_ENTR-05_Consentimiento_orig.jpg;RUTA;OK;consentimientos_firmados/2026-07-28_TrabajadorAgricola_ENTR-05_Consentimiento_orig.jpg;https://github.com/erizzov-boop/SIMPA_ISR401_Evidencias;https://github.com/erizzov-boop/SIMPA_ISR401_Evidencias/releases/download/v1.0-evidencias/evidencias_entrevistas_consentimientos.7z
2026-07-28_TrabajadorAgricola_ENTR-06_Consentimiento_orig.jpg;imagen;2026-07-28;ENTR-06;N/A;N/A;358393;85f30b5704a5770996e597394581a0428f0d20b9a17c750fd8cad944996a8cad;evidencias_entrevistas_consentimientos.7z;consentimientos_firmados/2026-07-28_TrabajadorAgricola_ENTR-06_Consentimiento_orig.jpg;RUTA;OK;consentimientos_firmados/2026-07-28_TrabajadorAgricola_ENTR-06_Consentimiento_orig.jpg;https://github.com/erizzov-boop/SIMPA_ISR401_Evidencias;https://github.com/erizzov-boop/SIMPA_ISR401_Evidencias/releases/download/v1.0-evidencias/evidencias_entrevistas_consentimientos.7z
2026-08-31_AsistenteTecnico_ENTR-09_Consentimiento_orig.jpeg;imagen;2026-08-31;ENTR-09;N/A;N/A;114135;16a3d0fc8590f0f471ee273ae72f2b406ac57fcb6fcd96d4a93860213ab00553;evidencias_entrevistas_consentimientos.7z;consentimientos_firmados/2026-08-31_AsistenteTecnico_ENTR-09_Consentimiento_orig.jpeg;RUTA;OK;consentimientos_firmados/2026-08-31_AsistenteTecnico_ENTR-09_Consentimiento_orig.jpeg;https://github.com/erizzov-boop/SIMPA_ISR401_Evidencias;https://github.com/erizzov-boop/SIMPA_ISR401_Evidencias/releases/download/v1.0-evidencias/evidencias_entrevistas_consentimientos.7z
2026-08-31_EstudianteCarreraAfin_ENTR-10_Consentimiento_orig.jpeg;imagen;2026-08-31;ENTR-10;N/A;N/A;115966;f22b4eabdba19bdbdc63907c27cbb2fcf9e732e6814ac396748ce2f21a93e043;evidencias_entrevistas_consentimientos.7z;consentimientos_firmados/2026-08-31_EstudianteCarreraAfin_ENTR-10_Consentimiento_orig.jpeg;RUTA;OK;consentimientos_firmados/2026-08-31_EstudianteCarreraAfin_ENTR-10_Consentimiento_orig.jpeg;https://github.com/erizzov-boop/SIMPA_ISR401_Evidencias;https://github.com/erizzov-boop/SIMPA_ISR401_Evidencias/releases/download/v1.0-evidencias/evidencias_entrevistas_consentimientos.7z
2026-08-31_EstudianteCarreraAfin_ENTR-11_Consentimiento_orig.jpeg;imagen;2026-08-31;ENTR-11;N/A;N/A;115620;620e5ebdf8ce3d72e482133155fdfaaadf716f4b1a0bba2635609791720b7f13;evidencias_entrevistas_consentimientos.7z;consentimientos_firmados/2026-08-31_EstudianteCarreraAfin_ENTR-11_Consentimiento_orig.jpeg;RUTA;OK;consentimientos_firmados/2026-08-31_EstudianteCarreraAfin_ENTR-11_Consentimiento_orig.jpeg;https://github.com/erizzov-boop/SIMPA_ISR401_Evidencias;https://github.com/erizzov-boop/SIMPA_ISR401_Evidencias/releases/download/v1.0-evidencias/evidencias_entrevistas_consentimientos.7z
2026-08-31_IngenieraBiotecnologia_ENTR-12_Consentimiento_orig.jpeg;imagen;2026-08-31;ENTR-12;N/A;N/A;112862;6042488ceef49756392c8a4c250b325782d0413fe01a33e495748a3565342bbf;evidencias_entrevistas_consentimientos.7z;consentimientos_firmados/2026-08-31_IngenieraBiotecnologia_ENTR-12_Consentimiento_orig.jpeg;RUTA;OK;consentimientos_firmados/2026-08-31_IngenieraBiotecnologia_ENTR-12_Consentimiento_orig.jpeg;https://github.com/erizzov-boop/SIMPA_ISR401_Evidencias;https://github.com/erizzov-boop/SIMPA_ISR401_Evidencias/releases/download/v1.0-evidencias/evidencias_entrevistas_consentimientos.7z
2026-09-01_EstudianteCarreraAfin_ENTR-15_Consentimiento_orig.jpeg;imagen;2026-09-01;ENTR-15;N/A;N/A;111079;9309dfabcf022aab62f3b346f584c7ec7a9fe42f3e291cae2f8399942a7b812e;evidencias_entrevistas_consentimientos.7z;consentimientos_firmados/2026-09-01_EstudianteCarreraAfin_ENTR-15_Consentimiento_orig.jpeg;RUTA;OK;consentimientos_firmados/2026-09-01_EstudianteCarreraAfin_ENTR-15_Consentimiento_orig.jpeg;https://github.com/erizzov-boop/SIMPA_ISR401_Evidencias;https://github.com/erizzov-boop/SIMPA_ISR401_Evidencias/releases/download/v1.0-evidencias/evidencias_entrevistas_consentimientos.7z
2026-09-01_IngenieroAgronomo_ENTR-13_Consentimiento_orig.jpeg;imagen;2026-09-01;ENTR-13;N/A;N/A;137657;0342a3d7f817011831e745ad0b7d8c310d0f9ec48d0f15562f0cf729046467c5;evidencias_entrevistas_consentimientos.7z;consentimientos_firmados/2026-09-01_IngenieroAgronomo_ENTR-13_Consentimiento_orig.jpeg;RUTA;OK;consentimientos_firmados/2026-09-01_IngenieroAgronomo_ENTR-13_Consentimiento_orig.jpeg;https://github.com/erizzov-boop/SIMPA_ISR401_Evidencias;https://github.com/erizzov-boop/SIMPA_ISR401_Evidencias/releases/download/v1.0-evidencias/evidencias_entrevistas_consentimientos.7z
2026-09-01_IngenieroAgropecuario_ENTR-14_Consentimiento_orig.jpeg;imagen;2026-09-01;ENTR-14;N/A;N/A;106128;2a356a29a6f10e9bbea305d2c26dd162b7467d23455c3f809a588c8574a9439c;evidencias_entrevistas_consentimientos.7z;consentimientos_firmados/2026-09-01_IngenieroAgropecuario_ENTR-14_Consentimiento_orig.jpeg;RUTA;OK;consentimientos_firmados/2026-09-01_IngenieroAgropecuario_ENTR-14_Consentimiento_orig.jpeg;https://github.com/erizzov-boop/SIMPA_ISR401_Evidencias;https://github.com/erizzov-boop/SIMPA_ISR401_Evidencias/releases/download/v1.0-evidencias/evidencias_entrevistas_consentimientos.7z
2026-09-01_IngenieroSistemas_ENTR-16_Consentimiento_orig.png;imagen;2026-09-01;ENTR-16;N/A;N/A;994535;3c2babbb4b4b8ca387fcb8b9eda827b1fe3e51ce53a3a21454fcfd705b95c2b7;evidencias_entrevistas_consentimientos.7z;consentimientos_firmados/2026-09-01_IngenieroSistemas_ENTR-16_Consentimiento_orig.png;RUTA;OK;consentimientos_firmados/2026-09-01_IngenieroSistemas_ENTR-16_Consentimiento_orig.png;https://github.com/erizzov-boop/SIMPA_ISR401_Evidencias;https://github.com/erizzov-boop/SIMPA_ISR401_Evidencias/releases/download/v1.0-evidencias/evidencias_entrevistas_consentimientos.7z
P01_video_01.mp4;video;2026-05-23;ENTR-01;1089.766667;h264+aac;1260363692;68c627b0b57479c928091722e0393388b18f2e415a6b7f4022fd92572de5f7ec;evidencias_entrevistas_videos_01.7z;Entrevista_01/P01_video_01.mp4;RUTA;OK;Entrevista_01/P01_video_01.mp4;https://github.com/erizzov-boop/SIMPA_ISR401_Evidencias;https://github.com/erizzov-boop/SIMPA_ISR401_Evidencias/releases/download/v1.0-evidencias/evidencias_entrevistas_videos_01.7z
P02_video_01.mp4;video;2026-05-23;ENTR-02;1769.8;h264+aac;2043655599;af40e51e3e7599fad314f9d0aa7d583d480996e651184dba4aaf568ffb18e5db;evidencias_entrevistas_videos_02.7z;Entrevista_02/P02_video_01.mp4;RUTA;OK;Entrevista_02/P02_video_01.mp4;https://github.com/erizzov-boop/SIMPA_ISR401_Evidencias;https://github.com/erizzov-boop/SIMPA_ISR401_Evidencias/releases/download/v1.0-evidencias/evidencias_entrevistas_videos_02.7z
P03_video_01.mp4;video;2026-05-23;ENTR-03;313.903333;h264+aac;53976058;bb5069cc900f98051c68aea521c0e3a8e5d34f4595d289a9cdd1c4c9f4d80bff;evidencias_entrevistas_videos_03.7z;videos/Entrevista_03/P03_video_01.mp4;RUTA;OK;videos/Entrevista_03/P03_video_01.mp4;https://github.com/erizzov-boop/SIMPA_ISR401_Evidencias;https://github.com/erizzov-boop/SIMPA_ISR401_Evidencias/releases/download/v1.0-evidencias/evidencias_entrevistas_videos_03.7z
P04_video_01.MOV;video;2026-07-28;ENTR-04;804.065;hevc+aac;951445486;89612cbf6e187f31bcbbb50b779d5fb74c9ba2069637b22e89ebb2f1272d49ba;evidencias_entrevistas_videos_03.7z;videos/Entrevista_04/P04_video_01.MOV;RUTA;OK;videos/Entrevista_04/P04_video_01.MOV;https://github.com/erizzov-boop/SIMPA_ISR401_Evidencias;https://github.com/erizzov-boop/SIMPA_ISR401_Evidencias/releases/download/v1.0-evidencias/evidencias_entrevistas_videos_03.7z
P05_video_01.MOV;video;2026-07-28;ENTR-05;318.543333;hevc+aac;361145300;bdaf0826a99340a632606e2919388a55eb1feed4d5e768d0fa78abcd8bbbcdff;evidencias_entrevistas_videos_04.7z;videos 2/Entrevista_05/P05_video_01.MOV;RUTA;OK;videos 2/Entrevista_05/P05_video_01.MOV;https://github.com/erizzov-boop/SIMPA_ISR401_Evidencias;https://github.com/erizzov-boop/SIMPA_ISR401_Evidencias/releases/download/v1.0-evidencias/evidencias_entrevistas_videos_04.7z
P06_video_01.MOV;video;2026-07-28;ENTR-06;154.031667;hevc+aac;173483456;0fcb2838d470749518443f6edf4d6c701d4bf3d9ddf8e608846da390f993de8a;evidencias_entrevistas_videos_04.7z;videos 2/Entrevista_06/P06_video_01.MOV;RUTA;OK;videos 2/Entrevista_06/P06_video_01.MOV;https://github.com/erizzov-boop/SIMPA_ISR401_Evidencias;https://github.com/erizzov-boop/SIMPA_ISR401_Evidencias/releases/download/v1.0-evidencias/evidencias_entrevistas_videos_04.7z
P07_video_01.MOV;video;2026-07-28;ENTR-07;415.828333;hevc+aac;478729790;cb0243cef6a8f74cc83cc470d79b2e2ed18068c4f85009de0283172fb9538c39;evidencias_entrevistas_videos_04.7z;videos 2/Entrevista_07/P07_video_01.MOV;RUTA;OK;videos 2/Entrevista_07/P07_video_01.MOV;https://github.com/erizzov-boop/SIMPA_ISR401_Evidencias;https://github.com/erizzov-boop/SIMPA_ISR401_Evidencias/releases/download/v1.0-evidencias/evidencias_entrevistas_videos_04.7z
P08_video_01.MOV;video;2026-07-28;ENTR-08;559.55;hevc+aac;633341872;7b8b59080c0435cd54d7c8e0f8c4dfd87df68d788a482911ccf57a047cb68059;evidencias_entrevistas_videos_04.7z;videos 2/Entrevista_08/P08_video_01.MOV;RUTA;OK;videos 2/Entrevista_08/P08_video_01.MOV;https://github.com/erizzov-boop/SIMPA_ISR401_Evidencias;https://github.com/erizzov-boop/SIMPA_ISR401_Evidencias/releases/download/v1.0-evidencias/evidencias_entrevistas_videos_04.7z
P09_video_01.mp4;video;2026-08-31;ENTR-09;487.381333;aac+h264;55998415;a9154c6828758abc4b88f459b6188015eab830a60cc9e796d6288da67499d2ea;evidencias_entrevistas_videos_05.7z;Entrevista_09/P09_video_01.mp4;RUTA;OK;Entrevista_09/P09_video_01.mp4;https://github.com/erizzov-boop/SIMPA_ISR401_Evidencias;https://github.com/erizzov-boop/SIMPA_ISR401_Evidencias/releases/download/v1.0-evidencias/evidencias_entrevistas_videos_05.7z
P10_video_01.mp4;video;2026-08-31;ENTR-10;500.297143;vp9+aac;32931595;be4eab0d6e3eb01ae2cae306d86685fe2758cdcb9e87dae1a8bc0f4167d6a6a7;evidencias_entrevistas_videos_05.7z;Entrevista_10/P10_video_01.mp4;RUTA;OK;Entrevista_10/P10_video_01.mp4;https://github.com/erizzov-boop/SIMPA_ISR401_Evidencias;https://github.com/erizzov-boop/SIMPA_ISR401_Evidencias/releases/download/v1.0-evidencias/evidencias_entrevistas_videos_05.7z
P11_video_01.mp4;video;2026-08-31;ENTR-11;486.759909;vp9+aac;28494462;026136662b03944570b43c5fbaff41ec57af21be77c0f7005304518837ed6750;evidencias_entrevistas_videos_05.7z;Entrevista_11/P11_video_01.mp4;RUTA;OK;Entrevista_11/P11_video_01.mp4;https://github.com/erizzov-boop/SIMPA_ISR401_Evidencias;https://github.com/erizzov-boop/SIMPA_ISR401_Evidencias/releases/download/v1.0-evidencias/evidencias_entrevistas_videos_05.7z
P12_video_01.mp4;video;2026-08-31;ENTR-12;489.680458;h264+aac;749974809;cb5a48e4dd17f81c97ed8e93564fb309f445b99cf6aee6d6e5db7dcb9d6df995;evidencias_entrevistas_videos_05.7z;Entrevista_12/P12_video_01.mp4;RUTA;OK;Entrevista_12/P12_video_01.mp4;https://github.com/erizzov-boop/SIMPA_ISR401_Evidencias;https://github.com/erizzov-boop/SIMPA_ISR401_Evidencias/releases/download/v1.0-evidencias/evidencias_entrevistas_videos_05.7z
P13_video_01.mp4;video;2026-09-01;ENTR-13;680.298667;aac+h264;53255912;1f38c22d0a9b55b8ad7f75d70d21cd1dabf7cf5a3889835e4c12d7a8efdb47d1;evidencias_entrevistas_videos_05.7z;Entrevista_13/P13_video_01.mp4;RUTA;OK;Entrevista_13/P13_video_01.mp4;https://github.com/erizzov-boop/SIMPA_ISR401_Evidencias;https://github.com/erizzov-boop/SIMPA_ISR401_Evidencias/releases/download/v1.0-evidencias/evidencias_entrevistas_videos_05.7z
P14_video_01.mp4;video;2026-09-01;ENTR-14;381.824;aac+h264;76056306;9dc30d64e0cedf3121b0cbfc43f6c7e1dc66f4f480137c8fee80d88c5d16edc9;evidencias_entrevistas_videos_05.7z;Entrevista_14/P14_video_01.mp4;RUTA;OK;Entrevista_14/P14_video_01.mp4;https://github.com/erizzov-boop/SIMPA_ISR401_Evidencias;https://github.com/erizzov-boop/SIMPA_ISR401_Evidencias/releases/download/v1.0-evidencias/evidencias_entrevistas_videos_05.7z
P15_video_01.mp4;video;2026-09-01;ENTR-15;489.386667;aac+h264;45465911;deb008178a7f607402e49129bec41857f65bfd848c57c020d0936173e3c32289;evidencias_entrevistas_videos_05.7z;Entrevista_15/P15_video_01.mp4;RUTA;OK;Entrevista_15/P15_video_01.mp4;https://github.com/erizzov-boop/SIMPA_ISR401_Evidencias;https://github.com/erizzov-boop/SIMPA_ISR401_Evidencias/releases/download/v1.0-evidencias/evidencias_entrevistas_videos_05.7z
P16_video_01.mp4;video;2026-09-01;ENTR-16;525.056;aac+h264;24865450;0e96aa34c35196ca18d050d0f0caf12f24e8a9650a9a8f2300ad34bda37f7c9b;evidencias_entrevistas_videos_05.7z;Entrevista_16/P16_video_01.mp4;RUTA;OK;Entrevista_16/P16_video_01.mp4;https://github.com/erizzov-boop/SIMPA_ISR401_Evidencias;https://github.com/erizzov-boop/SIMPA_ISR401_Evidencias/releases/download/v1.0-evidencias/evidencias_entrevistas_videos_05.7z
2026-09-03_Walkthrough_NoTecnico_WT-01_Consentimiento_Original.pdf;documento;2026-09-03;WT-01;N/A;N/A;492785;c95a1c3e5bbecd3ee83670058e83ee9e80525625164925d5e0906d744a529132;Consentimientos_Walkthrough_Originales.7z;Consentimientos_Walkthrough_Originales/2026-09-03_Walkthrough_NoTecnico_WT-01_Consentimiento_Original.pdf;RUTA;OK;Consentimientos_Walkthrough_Originales/2026-09-03_Walkthrough_NoTecnico_WT-01_Consentimiento_Original.pdf;https://github.com/erizzov-boop/SIMPA_ISR401_Evidencias;https://github.com/erizzov-boop/SIMPA_ISR401_Evidencias/releases/download/v1.0-evidencias/Consentimientos_Walkthrough_Originales.7z
2026-09-03_Walkthrough_NoTecnico_WT-05_Consentimiento_Original.pdf;documento;2026-09-03;WT-05;N/A;N/A;428708;a6d1000eaa3d223ae19806820e81bda287839c8f8ecc24fb25b3c83f324f605f;Consentimientos_Walkthrough_Originales.7z;Consentimientos_Walkthrough_Originales/2026-09-03_Walkthrough_NoTecnico_WT-05_Consentimiento_Original.pdf;RUTA;OK;Consentimientos_Walkthrough_Originales/2026-09-03_Walkthrough_NoTecnico_WT-05_Consentimiento_Original.pdf;https://github.com/erizzov-boop/SIMPA_ISR401_Evidencias;https://github.com/erizzov-boop/SIMPA_ISR401_Evidencias/releases/download/v1.0-evidencias/Consentimientos_Walkthrough_Originales.7z
2026-09-03_Walkthrough_NoTecnico_WT-06_Consentimiento_Original.pdf;documento;2026-09-03;WT-06;N/A;N/A;190309;1d378487b623c3a00a9781d1b37c17ba45fc3037f3f544ed472308e9bac4bdc8;Consentimientos_Walkthrough_Originales.7z;Consentimientos_Walkthrough_Originales/2026-09-03_Walkthrough_NoTecnico_WT-06_Consentimiento_Original.pdf;RUTA;OK;Consentimientos_Walkthrough_Originales/2026-09-03_Walkthrough_NoTecnico_WT-06_Consentimiento_Original.pdf;https://github.com/erizzov-boop/SIMPA_ISR401_Evidencias;https://github.com/erizzov-boop/SIMPA_ISR401_Evidencias/releases/download/v1.0-evidencias/Consentimientos_Walkthrough_Originales.7z
2026-09-03_Walkthrough_Tecnico_WT-02_Consentimiento_Original.pdf;documento;2026-09-03;WT-02;N/A;N/A;609539;5793c2768aa4c24fe8ca8b2da18ade816d1734894a1bef3912c374d64d5abae6;Consentimientos_Walkthrough_Originales.7z;Consentimientos_Walkthrough_Originales/2026-09-03_Walkthrough_Tecnico_WT-02_Consentimiento_Original.pdf;RUTA;OK;Consentimientos_Walkthrough_Originales/2026-09-03_Walkthrough_Tecnico_WT-02_Consentimiento_Original.pdf;https://github.com/erizzov-boop/SIMPA_ISR401_Evidencias;https://github.com/erizzov-boop/SIMPA_ISR401_Evidencias/releases/download/v1.0-evidencias/Consentimientos_Walkthrough_Originales.7z
2026-09-03_Walkthrough_Tecnico_WT-03_Consentimiento_Original.pdf;documento;2026-09-03;WT-03;N/A;N/A;213789;2b36e8f82be43874530d37f1208f0160a9fe9c6b4c5a3fa8876184277034f060;Consentimientos_Walkthrough_Originales.7z;Consentimientos_Walkthrough_Originales/2026-09-03_Walkthrough_Tecnico_WT-03_Consentimiento_Original.pdf;RUTA;OK;Consentimientos_Walkthrough_Originales/2026-09-03_Walkthrough_Tecnico_WT-03_Consentimiento_Original.pdf;https://github.com/erizzov-boop/SIMPA_ISR401_Evidencias;https://github.com/erizzov-boop/SIMPA_ISR401_Evidencias/releases/download/v1.0-evidencias/Consentimientos_Walkthrough_Originales.7z
2026-09-03_Walkthrough_Tecnico_WT-04_Consentimiento_Original.pdf;documento;2026-09-03;WT-04;N/A;N/A;213172;eb3c0e2569ebb1716f538767682118cc5de2aa1a222a14a4f6c74b87d758e966;Consentimientos_Walkthrough_Originales.7z;Consentimientos_Walkthrough_Originales/2026-09-03_Walkthrough_Tecnico_WT-04_Consentimiento_Original.pdf;RUTA;OK;Consentimientos_Walkthrough_Originales/2026-09-03_Walkthrough_Tecnico_WT-04_Consentimiento_Original.pdf;https://github.com/erizzov-boop/SIMPA_ISR401_Evidencias;https://github.com/erizzov-boop/SIMPA_ISR401_Evidencias/releases/download/v1.0-evidencias/Consentimientos_Walkthrough_Originales.7z
2026-09-03_Walkthrough_NoTecnico_WT-01_Pantalla.mp4;video;2026-09-03;WT-01;204.766667;h264+aac;132226435;caa796ecbc97caefcf6fe9d786a0ad93cd2289bb35b73b1fcba6067bd10178a4;evidencias_walkthrough_videos.7z;Walkthrough_NoTecnico/2026-09-03_Walkthrough_NoTecnico_WT-01_Pantalla.mp4;RUTA;OK;Walkthrough_NoTecnico/2026-09-03_Walkthrough_NoTecnico_WT-01_Pantalla.mp4;https://github.com/erizzov-boop/SIMPA_ISR401_Evidencias;https://github.com/erizzov-boop/SIMPA_ISR401_Evidencias/releases/download/v1.0-evidencias/evidencias_walkthrough_videos.7z
2026-09-03_Walkthrough_NoTecnico_WT-05_Pantalla.mp4;video;2026-09-03;WT-05;361.258667;aac+h264;8199180;d5d709b052aa5d3072d9dc58c54d77add9896665affc8a63f49c78de518b144f;evidencias_walkthrough_videos.7z;Walkthrough_NoTecnico/2026-09-03_Walkthrough_NoTecnico_WT-05_Pantalla.mp4;RUTA;OK;Walkthrough_NoTecnico/2026-09-03_Walkthrough_NoTecnico_WT-05_Pantalla.mp4;https://github.com/erizzov-boop/SIMPA_ISR401_Evidencias;https://github.com/erizzov-boop/SIMPA_ISR401_Evidencias/releases/download/v1.0-evidencias/evidencias_walkthrough_videos.7z
2026-09-03_Walkthrough_NoTecnico_WT-06_Pantalla.mp4;video;2026-09-03;WT-06;727.018667;aac+h264;21556138;943b31aa9cde2f818cbafc6d72c53c510aeaae3f1950e525b5689fd58d2e211e;evidencias_walkthrough_videos.7z;Walkthrough_NoTecnico/2026-09-03_Walkthrough_NoTecnico_WT-06_Pantalla.mp4;RUTA;OK;Walkthrough_NoTecnico/2026-09-03_Walkthrough_NoTecnico_WT-06_Pantalla.mp4;https://github.com/erizzov-boop/SIMPA_ISR401_Evidencias;https://github.com/erizzov-boop/SIMPA_ISR401_Evidencias/releases/download/v1.0-evidencias/evidencias_walkthrough_videos.7z
2026-09-03_Walkthrough_Tecnico_WT-02_Pantalla.mp4;video;2026-09-03;WT-02;563.48;aac+h264;16809587;b164ad611531a5708c3c278092d67b3828a57ef5a8ab815eee9e460ab9031fe0;evidencias_walkthrough_videos.7z;Walkthrough_Tecnico/2026-09-03_Walkthrough_Tecnico_WT-02_Pantalla.mp4;RUTA;OK;Walkthrough_Tecnico/2026-09-03_Walkthrough_Tecnico_WT-02_Pantalla.mp4;https://github.com/erizzov-boop/SIMPA_ISR401_Evidencias;https://github.com/erizzov-boop/SIMPA_ISR401_Evidencias/releases/download/v1.0-evidencias/evidencias_walkthrough_videos.7z
2026-09-03_Walkthrough_Tecnico_WT-03_Pantalla.mp4;video;2026-09-03;WT-03;1106.922667;aac+h264;31824316;cc092e97e62c23657106586a07cc6798d9bfc27efad0ef1f7c7ea872d499743e;evidencias_walkthrough_videos.7z;Walkthrough_Tecnico/2026-09-03_Walkthrough_Tecnico_WT-03_Pantalla.mp4;RUTA;OK;Walkthrough_Tecnico/2026-09-03_Walkthrough_Tecnico_WT-03_Pantalla.mp4;https://github.com/erizzov-boop/SIMPA_ISR401_Evidencias;https://github.com/erizzov-boop/SIMPA_ISR401_Evidencias/releases/download/v1.0-evidencias/evidencias_walkthrough_videos.7z
2026-09-03_Walkthrough_Tecnico_WT-04_Pantalla.mp4;video;2026-09-03;WT-04;482.56;aac+h264;12006985;7c4eb1d1d25f5c6de8d2740c853cb504aa86d345de6f4b0e4d1fefa4d7458c2b;evidencias_walkthrough_videos.7z;Walkthrough_Tecnico/2026-09-03_Walkthrough_Tecnico_WT-04_Pantalla.mp4;RUTA;OK;Walkthrough_Tecnico/2026-09-03_Walkthrough_Tecnico_WT-04_Pantalla.mp4;https://github.com/erizzov-boop/SIMPA_ISR401_Evidencias;https://github.com/erizzov-boop/SIMPA_ISR401_Evidencias/releases/download/v1.0-evidencias/evidencias_walkthrough_videos.7z
2026-09-03_Walkthrough_NoTecnico_WT-01_Acta_Original.pdf;documento;2026-09-03;WT-01;N/A;N/A;38701;d008d5c4d9f4698c82d5fb3393f00465d52ff8f51f529242d7fd7553e0297ebb;Actas_Walkthrough_Originales.7z;2026-09-03_Walkthrough_NoTecnico_WT-01_Acta_Original.pdf;RUTA;OK;2026-09-03_Walkthrough_NoTecnico_WT-01_Acta_Original.pdf;https://github.com/erizzov-boop/SIMPA_ISR401_Evidencias;https://github.com/erizzov-boop/SIMPA_ISR401_Evidencias/releases/download/v1.0-evidencias/Actas_Walkthrough_Originales.7z
2026-09-03_Walkthrough_NoTecnico_WT-05_Acta_Original.pdf;documento;2026-09-03;WT-05;N/A;N/A;43303;6a80e0195f5ee73fb4d078c0d942c2445a722465a9d20a8abd2a3e39f9bf4d17;Actas_Walkthrough_Originales.7z;2026-09-03_Walkthrough_NoTecnico_WT-05_Acta_Original.pdf;RUTA;OK;2026-09-03_Walkthrough_NoTecnico_WT-05_Acta_Original.pdf;https://github.com/erizzov-boop/SIMPA_ISR401_Evidencias;https://github.com/erizzov-boop/SIMPA_ISR401_Evidencias/releases/download/v1.0-evidencias/Actas_Walkthrough_Originales.7z
2026-09-03_Walkthrough_NoTecnico_WT-06_Acta_Original.pdf;documento;2026-09-03;WT-06;N/A;N/A;50796;7046414c22980535e06961480ba94217809f6356ecbae25076717b2ac9b756dc;Actas_Walkthrough_Originales.7z;2026-09-03_Walkthrough_NoTecnico_WT-06_Acta_Original.pdf;RUTA;OK;2026-09-03_Walkthrough_NoTecnico_WT-06_Acta_Original.pdf;https://github.com/erizzov-boop/SIMPA_ISR401_Evidencias;https://github.com/erizzov-boop/SIMPA_ISR401_Evidencias/releases/download/v1.0-evidencias/Actas_Walkthrough_Originales.7z
2026-09-03_Walkthrough_Tecnico_WT-02_Acta_Original.pdf;documento;2026-09-03;WT-02;N/A;N/A;43681;a00ae0ff69616c84065812edf9ca62e98c9313b938a441dd5e7a2d2e729431b6;Actas_Walkthrough_Originales.7z;2026-09-03_Walkthrough_Tecnico_WT-02_Acta_Original.pdf;RUTA;OK;2026-09-03_Walkthrough_Tecnico_WT-02_Acta_Original.pdf;https://github.com/erizzov-boop/SIMPA_ISR401_Evidencias;https://github.com/erizzov-boop/SIMPA_ISR401_Evidencias/releases/download/v1.0-evidencias/Actas_Walkthrough_Originales.7z
2026-09-03_Walkthrough_Tecnico_WT-03_Acta_Original.pdf;documento;2026-09-03;WT-03;N/A;N/A;59821;a8ac067245c2cb2ae56a2eeaa19bafd8ecd2810502885f4729c4d1746ebd66e9;Actas_Walkthrough_Originales.7z;2026-09-03_Walkthrough_Tecnico_WT-03_Acta_Original.pdf;RUTA;OK;2026-09-03_Walkthrough_Tecnico_WT-03_Acta_Original.pdf;https://github.com/erizzov-boop/SIMPA_ISR401_Evidencias;https://github.com/erizzov-boop/SIMPA_ISR401_Evidencias/releases/download/v1.0-evidencias/Actas_Walkthrough_Originales.7z
2026-09-03_Walkthrough_Tecnico_WT-04_Acta_Original.pdf;documento;2026-09-03;WT-04;N/A;N/A;51018;73c5b28293585a28316988ac3a38bbe71fa5a65734bd7d14ef4857f91998805a;Actas_Walkthrough_Originales.7z;2026-09-03_Walkthrough_Tecnico_WT-04_Acta_Original.pdf;RUTA;OK;2026-09-03_Walkthrough_Tecnico_WT-04_Acta_Original.pdf;https://github.com/erizzov-boop/SIMPA_ISR401_Evidencias;https://github.com/erizzov-boop/SIMPA_ISR401_Evidencias/releases/download/v1.0-evidencias/Actas_Walkthrough_Originales.7z
2026-09-04_MemberCheck_ENTR-01_Acta_Original.pdf;documento;2026-09-04;ENTR-01;N/A;N/A;54171;21441a03bc6dd26bdf2e64332afce2ea5ab1a90728f9e3f1768784fe3e87a688;Actas_MemberCheck_Originales.7z;2026-09-04_MemberCheck_ENTR-01_Acta_Original.pdf;RUTA;OK;2026-09-04_MemberCheck_ENTR-01_Acta_Original.pdf;https://github.com/erizzov-boop/SIMPA_ISR401_Evidencias;https://github.com/erizzov-boop/SIMPA_ISR401_Evidencias/releases/download/v1.0-evidencias/Actas_MemberCheck_Originales.7z
2026-09-04_MemberCheck_ENTR-02_Acta_Original.pdf;documento;2026-09-04;ENTR-02;N/A;N/A;55521;81dcaa0a7c9d6171a15bcf63ea6b76d5a9e5586d824d353dc7f1c7632da7950c;Actas_MemberCheck_Originales.7z;2026-09-04_MemberCheck_ENTR-02_Acta_Original.pdf;RUTA;OK;2026-09-04_MemberCheck_ENTR-02_Acta_Original.pdf;https://github.com/erizzov-boop/SIMPA_ISR401_Evidencias;https://github.com/erizzov-boop/SIMPA_ISR401_Evidencias/releases/download/v1.0-evidencias/Actas_MemberCheck_Originales.7z
2026-09-04_MemberCheck_ENTR-13_Acta_Original.pdf;documento;2026-09-04;ENTR-13;N/A;N/A;51563;b1ad33c50a6296c30e87588d74ce8bb6c4428debacada08b0507a3cbb8c168f1;Actas_MemberCheck_Originales.7z;2026-09-04_MemberCheck_ENTR-13_Acta_Original.pdf;RUTA;OK;2026-09-04_MemberCheck_ENTR-13_Acta_Original.pdf;https://github.com/erizzov-boop/SIMPA_ISR401_Evidencias;https://github.com/erizzov-boop/SIMPA_ISR401_Evidencias/releases/download/v1.0-evidencias/Actas_MemberCheck_Originales.7z
2026-09-04_MemberChecking_ActaConsolidada_Original.pdf;documento;2026-09-04;CONSOLIDADA-MC;N/A;N/A;66322;5f172d0c59087b86b394efe36d71df9182797044c3bea568b41020e5d7686555;Actas_MemberCheck_consolidada_original.7z;Actas_MemberCheck_consolidada/2026-09-04_MemberChecking_ActaConsolidada_Original.pdf;RUTA;OK;Actas_MemberCheck_consolidada/2026-09-04_MemberChecking_ActaConsolidada_Original.pdf;https://github.com/erizzov-boop/SIMPA_ISR401_Evidencias;https://github.com/erizzov-boop/SIMPA_ISR401_Evidencias/releases/download/v1.0-evidencias/Actas_MemberCheck_consolidada_original.7z
2026-09-06_DeclaracionIdentidadesGit_Original.pdf;documento;2026-09-06;CONSOLIDADA-EQUIPO;N/A;N/A;2023987;1e03df3c1b6962a4e1e21ec36a77df5dcc8117cd11a33067418acb5543b3c8d1;Declaracion_Identidades_git_original.7z;Declaracion_Identidades_git/2026-09-06_DeclaracionIdentidadesGit_Original.pdf;RUTA;OK;Declaracion_Identidades_git/2026-09-06_DeclaracionIdentidadesGit_Original.pdf;https://github.com/erizzov-boop/SIMPA_ISR401_Evidencias;https://github.com/erizzov-boop/SIMPA_ISR401_Evidencias/releases/download/v1.0-evidencias/Declaracion_Identidades_git_original.7z
2026-09-15_Consentimiento_informado-Proyecto_SIMPA(1-5).xlsx;documento;2026-09-15;CUEST-01_a_CUEST-05;N/A;N/A;11024;3222eb8c9ddd37d56237cbb1c051c74e60611aa9216a776ac483bcf83521a50b;Consentimiento_informado_cuestionario.7z;Consentimiento_informado_cuestionario/2026-09-15_Consentimiento_informado-Proyecto_SIMPA(1-5).xlsx;RUTA;OK;Consentimiento_informado_cuestionario/2026-09-15_Consentimiento_informado-Proyecto_SIMPA(1-5).xlsx;https://github.com/erizzov-boop/SIMPA_ISR401_Evidencias;https://github.com/erizzov-boop/SIMPA_ISR401_Evidencias/releases/download/v1.0-evidencias/Consentimiento_informado_cuestionario.7z
2026-09-16_Acta_Constancia_Actividades_Campo.jpg;imagen;2026-09-16;PALMICULTORA-M_ADMIN;N/A;N/A;4188687;c1d7b7936057504a0c621f1d143f59fbf9b523701bd87d9f38e717e5069c323a;Acta_Constancia_Actividades_Campo.7z;Acta_Constancia_Actividades_Campo/2026-09-16_Acta_Constancia_Actividades_Campo.jpg;OK;OK;;SIMPA_ISR401_Evidencias;https://github.com/erizzov-boop/SIMPA_ISR401_Evidencias/releases/download/v1.0-evidencias/Acta_Constancia_Actividades_Campo.7z
04-09-2026_Audio_Entr-01_Member_Checking.mp3;audio;2026-09-04;ENTR-01;475.824000;mp3;16857957;1e0e1980c32bc0dbc4ded2b1dbbbdf0abc3fe6c20bbce897b367c248f4e9a315;Audios_Member_Checking.7z;Audios_Member_Checking/04-09-2026_Audio_Entr-01_Member_Checking.mp3;RUTA;OK;Audios_Member_Checking/04-09-2026_Audio_Entr-01_Member_Checking.mp3;https://github.com/erizzov-boop/SIMPA_ISR401_Evidencias;https://github.com/erizzov-boop/SIMPA_ISR401_Evidencias/releases/download/v1.1-evidencias/Audios_Member_Checking.7z
04-09-2026_Audio_Entr-02_Member_Checking.mpeg;audio;2026-09-04;ENTR-02;1091.928000;mp3;20574348;8a8d132b094e9cba741458d50122d1ca6869ab297c1ab590bd2e8a1d069c8f50;Audios_Member_Checking.7z;Audios_Member_Checking/04-09-2026_Audio_Entr-02_Member_Checking.mpeg;RUTA;OK;Audios_Member_Checking/04-09-2026_Audio_Entr-02_Member_Checking.mpeg;https://github.com/erizzov-boop/SIMPA_ISR401_Evidencias;https://github.com/erizzov-boop/SIMPA_ISR401_Evidencias/releases/download/v1.1-evidencias/Audios_Member_Checking.7z
04-09-2026_Audio_Entr-13_Member_Checking.mpeg;audio;2026-09-04;ENTR-13;356.949333;mp3;5782237;e9dcb6762d8f386c10d8ccbdc0bf3d858304052a1930cfc6bf9811037071039d;Audios_Member_Checking.7z;Audios_Member_Checking/04-09-2026_Audio_Entr-13_Member_Checking.mpeg;RUTA;OK;Audios_Member_Checking/04-09-2026_Audio_Entr-13_Member_Checking.mpeg;https://github.com/erizzov-boop/SIMPA_ISR401_Evidencias;https://github.com/erizzov-boop/SIMPA_ISR401_Evidencias/releases/download/v1.1-evidencias/Audios_Member_Checking.7z
