archivo_origen;linea_csv;ID_evidencia;transcripcion;Fragmento_parafraseado;Codigo;Requisito_derivado;Analista_codificador;CITA_LITERAL;LINEA_TRANSCRIPCION;ESTADO;REVISOR_CITA
codificacion.csv;2;EV-01;2026-05-23_ENTR-01_Transcripcion.md;La supervision se organiza por equipos: administracion, polinizacion, fitosanitario, riego y labores;EQUIPOS_TRABAJO;RF-03;VER;En los cultivos y plantaciones de palma africana siempre se cuenta con varios equipos: administración, polinización, controles fitosanitarios, riego y labores generales.;11;VER;Arboleda
codificacion.csv;3;EV-01;2026-05-23_ENTR-01_Transcripcion.md;El administrador recorre y verifica el cumplimiento de cada equipo;SUPERVISION_RECORRIDO;RF-15;VER;La función del administrador es recorrer las áreas de trabajo y verificar que cada equipo esté cumpliendo con su función.;11;VER;Arboleda
codificacion.csv;4;EV-01;2026-05-23_ENTR-01_Transcripcion.md;El recorrido completo de la plantacion toma una semana;LATENCIA_INSPECCION;RF-30;VER;Para eso se cuenta con un equipo que realiza un monitoreo diario del cultivo y que, durante la semana, debe recorrer toda la plantación.;19;VER;Arboleda
codificacion.csv;5;EV-01;2026-05-23_ENTR-01_Transcripcion.md;El control fitosanitario se hace por monitoreo visual diario;MONITOREO_VISUAL;RF-05;VER;Los problemas más comunes son fitosanitarios y están relacionados con el control de plagas. Para eso se cuenta con un equipo que realiza un monitoreo diario del cultivo y que, durante la semana, debe recorrer toda la plantación.;19;VER;Arboleda
codificacion.csv;6;EV-01;2026-05-23_ENTR-01_Transcripcion.md;Las plagas se identifican por signos visibles en la planta;SIGNO_VISIBLE_PLAGA;RF-07;VER;En el caso de las plagas, los daños suelen ser visibles.;23;VER;Arboleda
codificacion.csv;7;EV-01;2026-05-23_ENTR-01_Transcripcion.md;Los defoliadores son la plaga mas frecuente del cultivo;PLAGA_DEFOLIADOR;RF-09;VER;;;NO_LOCALIZADA;Arboleda
codificacion.csv;8;EV-01;2026-05-23_ENTR-01_Transcripcion.md;La pudricion de flecha aparece como enfermedad recurrente;ENFERMEDAD_FLECHA;RF-07;VER;Cuando se trata de hongos, puede presentarse pudrición de flecha.;23;VER;Arboleda
codificacion.csv;9;EV-01;2026-05-23_ENTR-01_Transcripcion.md;El control combina producto quimico y trampas segun la etapa del insecto;CONTROL_POR_ETAPA;RF-09;VER;Según el tipo de plaga se puede determinar qué producto utilizar. También sería importante conocer la etapa en la que se encuentra: cuando está en estado adulto se pueden colocar trampas, mientras que en estado larvario puede ser necesaria una aplicación con insecticida.;67;VER;Arboleda
codificacion.csv;10;EV-01;2026-05-23_ENTR-01_Transcripcion.md;Los problemas fitosanitarios se intensifican en epoca invernal;ESTACIONALIDAD_PLAGA;RF-17;VER;Se presentan principalmente durante el invierno. En la época invernal existe un mayor riesgo de plagas y enfermedades.;31;VER;Arboleda
codificacion.csv;11;EV-01;2026-05-23_ENTR-01_Transcripcion.md;El riego y la nutricion son los factores mas determinantes de la productividad;FACTOR_PRODUCTIVIDAD;RF-04;VER;La producción depende principalmente de un riego adecuado y de una buena nutrición o fertilización.;39;VER;Arboleda
codificacion.csv;12;EV-01;2026-05-23_ENTR-01_Transcripcion.md;La acumulacion de flechas indica que la palma no recibe agua;INDICADOR_DEFICIT_HIDRICO;RF-05;VER;Cuando una palma presenta acumulación de flechas, puede indicar que no está recibiendo suficiente agua.;81;VER;Arboleda
codificacion.csv;13;EV-01;2026-05-23_ENTR-01_Transcripcion.md;La estimacion de produccion se hace con censo de flores cada seis meses;CENSO_FLORES;RF-18;VER;La estimación se puede realizar mediante un censo de flores. Normalmente se hace un censo cada seis meses para conocer cuáles podrían ser las producciones futuras.;43;VER;Arboleda
codificacion.csv;14;EV-01;2026-05-23_ENTR-01_Transcripcion.md;El rendimiento depende de la variedad de palma sembrada;RENDIMIENTO_POR_VARIEDAD;RF-10;VER;El rendimiento depende de la variedad.;51;VER;Arboleda
codificacion.csv;15;EV-01;2026-05-23_ENTR-01_Transcripcion.md;El clima se registra con pluviometro y estaciones meteorologicas;REGISTRO_CLIMA;RF-17;VER;En la hacienda se mide la lluvia mediante un pluviómetro, lo cual permite conocer cuánta precipitación se ha registrado durante el año. Además, se pueden consultar estaciones meteorológicas para tener una visión general de las condiciones climáticas.;59;VER;Arboleda
codificacion.csv;16;EV-01;2026-05-23_ENTR-01_Transcripcion.md;Interes alto en identificar plagas a partir de fotografia;DIAGNOSTICO_POR_IMAGEN;RF-07;VER;Se podría utilizar una aplicación que permita tomar una fotografía e identificar el problema.;71;VER;Arboleda
codificacion.csv;17;EV-01;2026-05-23_ENTR-01_Transcripcion.md;El sistema seria util sobre todo para personal sin conocimiento especializado;USUARIO_NO_EXPERTO;RNF-16;VER;Sería muy útil para identificar plagas y enfermedades. Existen plagas que no siempre pueden reconocerse fácilmente a simple vista, especialmente por personas con poca experiencia.;63;VER;Arboleda
codificacion.csv;18;EV-01;2026-05-23_ENTR-01_Transcripcion.md;El desempeno se evalua por rendimiento y produccion;EVALUACION_DESEMPENO;RF-16;VER;Se evalúa el rendimiento y la producción.;79;VER;Arboleda
codificacion.csv;19;EV-01;2026-05-23_ENTR-01_Transcripcion.md;Se cuenta el numero de flores polinizadas por trabajador;CONTEO_FLORES;RF-14;VER;En el caso de los polinizadores, se cuenta el número de flores que polinizan durante el día. Cuando se cosecha la fruta, también se puede identificar qué operador trabajó en determinado sector y comprobar si los racimos presentan buenos resultados.;79;VER;Arboleda
codificacion.csv;20;EV-01;2026-05-23_ENTR-01_Transcripcion.md;La calidad del racimo refleja el trabajo del polinizador;CALIDAD_COMO_INDICADOR;RF-16;VER;Una fruta de buena calidad indica que el operador realizó correctamente su trabajo.;79;VER;Arboleda
codificacion.csv;21;EV-01;2026-05-23_ENTR-01_Transcripcion.md;Los reportes se consolidan por semana;CONSOLIDADO_SEMANAL;RF-19;VER;Se elaboran reportes diarios y, al final, se consolidan semanalmente, porque el trabajo en el cultivo de palma se organiza por semanas;85;VER;Arboleda
codificacion.csv;22;EV-01;2026-05-23_ENTR-01_Transcripcion.md;La escasez y rotacion de mano de obra calificada es el problema mas critico;ESCASEZ_MANO_OBRA;RNF-16;VER;El principal problema es la mano de obra. Cada vez es más escasa y resulta difícil encontrar personal estable.;89;VER;Arboleda
codificacion.csv;23;EV-01;2026-05-23_ENTR-01_Transcripcion.md;Se emplea una aplicacion de registro de recorrido que opera sin internet;APP_OFFLINE_EXISTENTE;RNF-11;VER;En el cultivo de palma también se utiliza una aplicación llamada Avensa Maps, que registra el recorrido del personal y no necesita conexión a internet.;71;VER;Arboleda
codificacion.csv;24;EV-01;2026-05-23_ENTR-01_Transcripcion.md;Todo el personal dispone de telefono movil;DISPONIBILIDAD_MOVIL;RD-01;VER;Actualmente casi todas las personas tienen un teléfono.;71;VER;Arboleda
codificacion.csv;25;EV-01;2026-05-23_ENTR-01_Transcripcion.md;Se requiere historial de actividades y diagnosticos por lote;HISTORIAL_LOTE;RF-20;VER;;;NO_LOCALIZADA;Arboleda
codificacion.csv;26;EV-02;2026-05-23_ENTR-02_Transcripcion.md;La revision del cultivo es diaria e incluye chapia, corona y control de maleza;LABOR_MANTENIMIENTO;RF-04;VER;En este caso, revisamos diariamente todas las actividades que deben realizarse dentro del cultivo, precisamente en lo agrícola, como la chapia y la corona.;7;VER;Arboleda
codificacion.csv;27;EV-02;2026-05-23_ENTR-02_Transcripcion.md;La nutricion es el problema mas frecuente del cultivo;PROBLEMA_NUTRICIONAL;RF-08;VER;;;NO_LOCALIZADA;Arboleda
codificacion.csv;28;EV-02;2026-05-23_ENTR-02_Transcripcion.md;Se apoya en analisis de suelo y foliar para determinar niveles de nutrientes;ANALISIS_LABORATORIO;RF-11;VER;Los problemas más comunes son prácticamente la nutrición. Tenemos que tener un análisis de suelo y un análisis foliar para sacar un promedio y una muestra de cómo está la plantación y qué necesita, como nitrógeno, fósforo, potasio, elementos mayores o menores.;11;VER;Arboleda
codificacion.csv;29;EV-02;2026-05-23_ENTR-02_Transcripcion.md;Las deficiencias nutricionales son visibles en la hoja;SIGNO_FOLIAR;RF-08;VER;"La planta también demuestra sus deficiencias; por ejemplo, esta hoja tiene deficiencia de potasio, magnesio y algo combinado con nitrógeno.";11;VER;Arboleda
codificacion.csv;30;EV-02;2026-05-23_ENTR-02_Transcripcion.md;El estrategus perfora el suelo y dana el meristema de la palma joven;PLAGA_ESTRATEGUS;RF-09;VER;Dentro de esta empresa y de esta variedad, que es un poco más resistente a plagas y enfermedades, hemos tenido plaga de estrategus, que es un coleóptero. Este insecto llega en la noche y al otro día se encuentra perforado el suelo.;15;VER;Arboleda
codificacion.csv;31;EV-02;2026-05-23_ENTR-02_Transcripcion.md;Desde la antesis hasta la cosecha transcurren unos seis meses;CICLO_ANTESIS_COSECHA;RF-18;VER;En cambio, el racimo requiere más esfuerzo de la planta porque desde la antesis hasta la cosecha pasan aproximadamente seis meses.;47;VER;Arboleda
codificacion.csv;32;EV-02;2026-05-23_ENTR-02_Transcripcion.md;La meta es de 40 a 45 toneladas por hectarea al ano;META_RENDIMIENTO;RF-18;VER;Queremos alcanzar un promedio de 40 o 45 toneladas por hectárea al año.;39;VER;Arboleda
codificacion.csv;33;EV-02;2026-05-23_ENTR-02_Transcripcion.md;Sin riego la planta emite mas inflorescencia masculina que femenina;EFECTO_DEFICIT_HIDRICO;RF-17;VER;Si no llueve y no hay riego, la planta se vuelve débil y raquítica. Posiblemente emitiría más inflorescencia masculina que femenina, porque la planta busca subsistir.;47;VER;Arboleda
codificacion.csv;34;EV-02;2026-05-23_ENTR-02_Transcripcion.md;Seria util que a partir de una fotografia el sistema indique que aplicar;RECOMENDACION_ACCIONABLE;RNF-16;VER;Sería muy útil. Si al tomar una fotografía de las hojas amarillas el sistema indica qué problema de nutrición tiene la planta, qué le falta y qué se debe aplicar, sería magnífico.;75;VER;Arboleda
codificacion.csv;35;EV-02;2026-05-23_ENTR-02_Transcripcion.md;Se revisa diariamente el estado del follaje, raices, flores y racimos;MONITOREO_VISUAL;RF-05;VER;También diariamente tenemos que controlar que la humedad sea suficiente para que el cultivo salga muy bien con su follaje, sus raíces, flores y racimos, porque de ahí depende todo el esfuerzo que se está realizando para tener un cultivo muy bueno.;7;VER;Arboleda
codificacion.csv;36;EV-02;2026-05-23_ENTR-02_Transcripcion.md;El hongo pudre la flecha sobre todo en epoca humeda;ENFERMEDAD_FLECHA;RF-07;VER;También puede presentarse un hongo que pudre la parte de la flecha de la planta, sobre todo en época húmeda o al inicio del invierno.;15;VER;Arboleda
codificacion.csv;37;EV-02;2026-05-23_ENTR-02_Transcripcion.md;Se aplica insecticida y fungicida en la flecha, repetido cada semana;CONTROL_POR_ETAPA;RF-09;VER;"Actualmente utilizamos un producto llamado Pirriclor y un fungicida; hacemos una mezcla de insecticida y fungicida y la aplicamos con una bomba en la flecha. Esto se debe hacer repetidamente cada semana hasta que la plaga termine.";19;VER;Arboleda
codificacion.csv;38;EV-02;2026-05-23_ENTR-02_Transcripcion.md;Las plagas se agravan al inicio del invierno;ESTACIONALIDAD_PLAGA;RF-17;VER;También puede presentarse un hongo que pudre la parte de la flecha de la planta, sobre todo en época húmeda o al inicio del invierno.;15;VER;Arboleda
codificacion.csv;39;EV-02;2026-05-23_ENTR-02_Transcripcion.md;Sin riego ni humedad la planta produce muy poco y deja de ser rentable;FACTOR_PRODUCTIVIDAD;RF-04;VER;Si no hay nutrientes y humedad, la planta produce muy poco y ya no sería rentable.;47;VER;Arboleda
codificacion.csv;40;EV-02;2026-05-23_ENTR-02_Transcripcion.md;Se mide la humedad y los milimetros de lluvia caidos;REGISTRO_CLIMA;RF-17;VER;Tenemos un instrumento para revisar la humedad y medir cuántos milímetros de lluvia han caído.;55;VER;Arboleda
codificacion.csv;41;EV-02;2026-05-23_ENTR-02_Transcripcion.md;Una fotografia de la hoja amarilla deberia indicar que le falta a la planta;DIAGNOSTICO_POR_IMAGEN;RF-08;VER;Si al tomar una fotografía de las hojas amarillas el sistema indica qué problema de nutrición tiene la planta, qué le falta y qué se debe aplicar, sería magnífico.;75;VER;Arboleda
codificacion.csv;42;EV-02;2026-05-23_ENTR-02_Transcripcion.md;Serviria para el personal que no tiene tanto conocimiento;USUARIO_NO_EXPERTO;RNF-16;VER;;;NO_LOCALIZADA;Arboleda
codificacion.csv;43;EV-02;2026-05-23_ENTR-02_Transcripcion.md;Una aplicacion en el telefono indica por donde anda el trabajador;SUPERVISION_RECORRIDO;RF-15;VER;Tenemos una aplicación en el teléfono que permite saber por dónde anda el trabajador, qué está haciendo, si está sentado, parado o caminando.;71;VER;Arboleda
codificacion.csv;44;EV-02;2026-05-23_ENTR-02_Transcripcion.md;El administrador revisa que el trabajo este bien hecho;EVALUACION_DESEMPENO;RF-16;VER;Eso lo motiva a trabajar mejor, pero el administrador debe revisar que el trabajo esté bien hecho.;71;VER;Arboleda
codificacion.csv;45;EV-02;2026-05-23_ENTR-02_Transcripcion.md;Se paga una parte al diario y otra por avance;TRANSPARENCIA_PAGO;RF-29;VER;Además, se paga una parte al diario y otra por avance.;71;VER;Arboleda
codificacion.csv;46;EV-02;2026-05-23_ENTR-02_Transcripcion.md;Convendria generar reportes sobre cultivo, cosechas y trabajadores;CONSOLIDADO_SEMANAL;RF-19;VER;;;NO_LOCALIZADA;Arboleda
codificacion.csv;47;EV-03;2026-05-23_ENTR-03_Transcripcion.md;La polinizacion asistida es la labor que mas determina la produccion;POLINIZACION_CRITICA;RF-13;VER;La labor de polinización es la más importante, porque es donde determinamos la producción de la finca.;7;VER;Arboleda
codificacion.csv;48;EV-03;2026-05-23_ENTR-03_Transcripcion.md;El momento adecuado es cuando la antesis presenta coloracion amarilla o negra;ESTADO_ANTESIS;RF-13;VER;El momento adecuado es cuando las flores, también llamadas antesis, presentan una coloración amarilla o negra, como la que acabamos de observar aquí.;13;VER;Arboleda
codificacion.csv;49;EV-03;2026-05-23_ENTR-03_Transcripcion.md;Si el polinizador no ejecuta bien la labor se pierde hasta la mitad de la produccion;RIESGO_LABORAL_POLINIZACION;RF-16;VER;Los problemas más frecuentes son de tipo laboral, porque si el polinizador o la persona encargada no realiza la labor de manera eficiente, no se obtiene un buen racimo. En ese caso, se podría perder hasta el 50 % de la producción.;17;VER;Arboleda
codificacion.csv;50;EV-03;2026-05-23_ENTR-03_Transcripcion.md;La efectividad es visible por el talco con hormona aplicado;VERIFICACION_VISUAL;RF-13;VER;La señal principal es visible, porque se utiliza talco industrial mezclado con una hormona, y esto puede observarse desde el primer momento de la aplicación.;21;VER;Arboleda
codificacion.csv;51;EV-03;2026-05-23_ENTR-03_Transcripcion.md;La palma requiere entre 8 y 12 horas de luz para formar y madurar el racimo;HORAS_LUZ;RF-17;VER;El clima influye porque la palma necesita entre 8 y 12 horas de luz aproximadamente al día para formar cada racimo y permitir su maduración.;25;VER;Arboleda
codificacion.csv;52;EV-03;2026-05-23_ENTR-03_Transcripcion.md;Se requiere un rastreador con marcaciones del numero de flores polinizadas al dia;RASTREO_GPS;RF-14;VER;Me gustaría que cada rastreador GPS tuviera marcaciones que permitan registrar el número de flores polinizadas diariamente.;37;VER;Arboleda
codificacion.csv;53;EV-03;2026-05-23_ENTR-03_Transcripcion.md;La labor de polinizacion determina la produccion de la finca;FACTOR_PRODUCTIVIDAD;RF-13;VER;La labor de polinización es la más importante, porque es donde determinamos la producción de la finca.;7;VER;Arboleda
codificacion.csv;54;EV-03;2026-05-23_ENTR-03_Transcripcion.md;Si el polinizador no hace bien la labor no se obtiene un buen racimo;CALIDAD_COMO_INDICADOR;RF-16;VER;Los problemas más frecuentes son de tipo laboral, porque si el polinizador o la persona encargada no realiza la labor de manera eficiente, no se obtiene un buen racimo. En ese caso, se podría perder hasta el 50 % de la producción.;17;VER;Arboleda
codificacion.csv;55;EV-03;2026-05-23_ENTR-03_Transcripcion.md;Se cuentan las flores polinizadas diariamente por trabajador;CONTEO_FLORES;RF-14;VER;Me gustaría que cada rastreador GPS tuviera marcaciones que permitan registrar el número de flores polinizadas diariamente.;37;VER;Arboleda
codificacion.csv;56;EV-03;2026-05-23_ENTR-03_Transcripcion.md;En dias nublados el racimo demora mas en madurar;ESTACIONALIDAD_PLAGA;RF-17;VER;El racimo demora un poco más en madurar.;29;VER;Arboleda
codificacion.csv;57;EV-03;2026-05-23_ENTR-03_Transcripcion.md;Se requiere control del trabajo del polinizador;SUPERVISION_RECORRIDO;RF-15;VER;;;NO_LOCALIZADA;Arboleda
codificacion.csv;58;EV-03;2026-05-23_ENTR-03_Transcripcion.md;Un racimo del primer ano productivo pesa entre 3 y 5 kilogramos;RENDIMIENTO_POR_VARIEDAD;RF-18;VER;Durante su primer año productivo, un racimo con polinización asistida puede llegar a pesar entre 3 y 5 kg aproximadamente.;9;VER;Arboleda
codificacion.csv;59;EV-03;2026-05-23_ENTR-03_Transcripcion.md;Se busca que cada racimo se forme al cien por ciento;CALIDAD_COMO_INDICADOR;RF-13;VER;;;NO_LOCALIZADA;Macías
codificacion.csv;60;EV-03;2026-05-23_ENTR-03_Transcripcion.md;Se necesita que el registro no dependa de anotar planta por planta;RASTREO_GPS;RF-14;VER;;;NO_LOCALIZADA;Macías
codificacion.csv;61;EV-04;2026-07-28_ENTR-04_Transcripcion.md;El umbral de madurez es de 3 frutos desprendidos en guineensis y 5 en hibrido;UMBRAL_POR_VARIEDAD;RF-10;VER;Nosotros, como empresa, tenemos unos criterios ya establecidos: para recibir un fruto maduro debe tener, en racimos guineensis, 3 frutos desprendidos, y en el caso de híbridos, 5 frutos desprendidos.;19;VER;Macías
codificacion.csv;62;EV-04;2026-07-28_ENTR-04_Transcripcion.md;Se emiten criterios de calidad establecidos por la empresa para recibir la fruta;CRITERIO_RECEPCION;RF-23;VER;Nosotros, como empresa, tenemos unos criterios ya establecidos: para recibir un fruto maduro debe tener, en racimos guineensis, 3 frutos desprendidos, y en el caso de híbridos, 5 frutos desprendidos.;19;VER;Macías
codificacion.csv;63;EV-04;2026-07-28_ENTR-04_Transcripcion.md;El pedunculo por encima de 5 cm absorbe aceite durante la extraccion;DEFECTO_PEDUNCULO;RF-23;VER;;;NO_LOCALIZADA;Macías
codificacion.csv;64;EV-04;2026-07-28_ENTR-04_Transcripcion.md;La malformacion por encima del 30 por ciento provoca rechazo del racimo;DEFECTO_MALFORMACION;RF-23;VER;O en el caso de malformación que supere el 30 por ciento, el racimo no es recibido.;19;VER;Macías
codificacion.csv;65;EV-04;2026-07-28_ENTR-04_Transcripcion.md;El principal problema es que la fruta llega verde, sin desprendimiento;PROBLEMA_FRUTA_VERDE;RF-22;VER;El principal problema que tenemos actualmente es el tema de fruta verde, que la fruta no llega con desprendimiento.;27;VER;Macías
codificacion.csv;66;EV-04;2026-07-28_ENTR-04_Transcripcion.md;En temporada baja se corta fruta verde porque el pago es por tonelada;INCENTIVO_PERVERSO;RF-22;VER;;;NO_LOCALIZADA;Macías
codificacion.csv;67;EV-04;2026-07-28_ENTR-04_Transcripcion.md;La fruta no conforme se devuelve al productor en el mismo vehiculo;RECHAZO_LOTE;RF-24;VER;"En este caso, si tenemos una fruta rechazada, se devuelve en el mismo carro; el carro vuelve a la báscula, se le da su peso de salida y también se le da su tiquete correspondiente.";15;VER;Macías
codificacion.csv;68;EV-04;2026-07-28_ENTR-04_Transcripcion.md;Se recomienda entregar dentro de 24 horas, aunque se llega a 48;VENTANA_CORTE_ENTREGA;RF-25;VER;Entonces, nosotros normalmente recomendamos que sea dentro de las 24 horas, aunque siempre pasan hasta 48 o un poquito más.;55;VER;Macías
codificacion.csv;69;EV-04;2026-07-28_ENTR-04_Transcripcion.md;El material hibrido tolera mas tiempo en campo por su contenido de antioxidantes;TOLERANCIA_HIBRIDO;RF-25;VER;;;NO_LOCALIZADA;Macías
codificacion.csv;70;EV-04;2026-07-28_ENTR-04_Transcripcion.md;El ticket de pesaje registra peso bruto, tara y neto;TICKET_PESAJE;RF-23;VER;Cuando termina todo el proceso de pesaje, se emite un ticket de pesaje donde viene el peso bruto, el peso tara y el peso neto, que viene a ser el peso de la fruta.;71;VER;Macías
codificacion.csv;71;EV-04;2026-07-28_ENTR-04_Transcripcion.md;El ticket incluye la calificacion: tamano, verde, sobremadura, malformada y pedunculo;CALIFICACION_TICKET;RF-23;VER;;;NO_LOCALIZADA;Macías
codificacion.csv;72;EV-04;2026-07-28_ENTR-04_Transcripcion.md;La guia de remision es exigida por la normativa y muchos productores no la manejan;GUIA_REMISION;RF-33;VER;Actualmente, muchos de los palmicultores no manejan esta guía de remisión, aunque es exigida por la ley.;79;VER;Macías
codificacion.csv;73;EV-04;2026-07-28_ENTR-04_Transcripcion.md;La extractora tambien proyecta cuantas toneladas puede recibir y procesar;PROYECCION_CAPACIDAD;RF-32;VER;O sea, nosotros lo veríamos útil porque, así como la finca realiza aquí un tema de estimación o proyección de cuántas toneladas puede cosechar, nosotros en la extractora también hacemos una proyección de cuántas toneladas podemos recibir y procesar, porque tenemos un límite de capacidad.;95;VER;Macías
codificacion.csv;74;EV-04;2026-07-28_ENTR-04_Transcripcion.md;Hay informacion sensible del productor que no puede compartirse;MINIMIZACION_DATOS;RD-09;VER;En este caso, nosotros somos muy conscientes de que hay información sensible que no puede compartirse, que es personal.;99;VER;Macías
codificacion.csv;75;EV-04;2026-07-28_ENTR-04_Transcripcion.md;Interesa recibir el conteo de racimos y el peso promedio estimado;DATO_COMPARTIBLE;RF-32;VER;Nosotros, sí, como empresa, igual estamos comprometidos con un proyecto de mejoramiento de la producción de los palmicultores, y para este caso necesitaríamos que se pueda llevar, quizás, cuando suban el conteo de racimos, quizás el peso promedio que tengan, para nosotros también llevar el registro, un histórico de cómo puede ir mejorando o no la producción de toda la finca.;99;VER;Macías
codificacion.csv;76;EV-04;2026-07-28_ENTR-04_Transcripcion.md;La formacion de un polinizador toma dos o tres meses;CURVA_APRENDIZAJE;RF-16;VER;En el material híbrido, en las primeras cosechas, incluso en el guineensis, siempre va a haber problemas, porque específicamente en el híbrido la polinización, al ser una zona donde no tenemos trabajadores especializados, siempre vamos a tener que formar a alguien, y ese proceso de formación nos lleva aproximadamente 2 o 3 meses.;91;VER;Macías
codificacion.csv;77;EV-04;2026-07-28_ENTR-04_Transcripcion.md;El amarillamiento de hojas bajeras sugiere deficiencia de magnesio o bloqueo en suelo;DIAGNOSTICO_SITIO;RF-08;VER;Adicional a eso, de lo que podemos observar, sería intentar ver los análisis de suelo, para definir o concluir bien por qué tenemos el problema del amarillamiento de las hojas bajeras, que normalmente puede deberse a alguna deficiencia de magnesio, aunque, según dicen que están aplicando, podría haber algún bloqueo en el suelo.;91;VER;Macías
codificacion.csv;78;EV-04;2026-07-28_ENTR-04_Transcripcion.md;Se revisa todo lo que llega, y por muestra si el proveedor maneja bien la fruta;CRITERIO_RECEPCION;RF-23;VER;;;NO_LOCALIZADA;Macías
codificacion.csv;79;EV-04;2026-07-28_ENTR-04_Transcripcion.md;El grupo de seleccionadores califica el fruto tras el pesaje;CRITERIO_RECEPCION;RF-23;VER;;;NO_LOCALIZADA;Macías
codificacion.csv;80;EV-04;2026-07-28_ENTR-04_Transcripcion.md;La sobremaduracion eleva la acidez del aceite;PROBLEMA_FRUTA_VERDE;RF-25;VER;;;NO_LOCALIZADA;Macías
codificacion.csv;81;EV-04;2026-07-28_ENTR-04_Transcripcion.md;Se realizan visitas tecnicas al productor antes de aplicar el castigo;LATENCIA_INSPECCION;RF-24;VER;;;NO_LOCALIZADA;Macías
codificacion.csv;82;EV-04;2026-07-28_ENTR-04_Transcripcion.md;El error mas frecuente del cosechador es la mala seleccion del fruto;INCENTIVO_PERVERSO;RF-22;VER;;;NO_LOCALIZADA;Macías
codificacion.csv;83;EV-04;2026-07-28_ENTR-04_Transcripcion.md;Se hace una proyeccion de toneladas a recibir y procesar;CENSO_FLORES;RF-18;VER;O sea, nosotros lo veríamos útil porque, así como la finca realiza aquí un tema de estimación o proyección de cuántas toneladas puede cosechar, nosotros en la extractora también hacemos una proyección de cuántas toneladas podemos recibir y procesar, porque tenemos un límite de capacidad.;95;VER;Macías
codificacion.csv;84;EV-04;2026-07-28_ENTR-04_Transcripcion.md;Interesa llevar un historico de como mejora la produccion de la finca;HISTORIAL_LOTE;RF-20;VER;Nosotros, sí, como empresa, igual estamos comprometidos con un proyecto de mejoramiento de la producción de los palmicultores, y para este caso necesitaríamos que se pueda llevar, quizás, cuando suban el conteo de racimos, quizás el peso promedio que tengan, para nosotros también llevar el registro, un histórico de cómo puede ir mejorando o no la producción de toda la finca.;99;VER;Macías
codificacion.csv;85;EV-04;2026-07-28_ENTR-04_Transcripcion.md;El ticket se envia por correo al productor registrado;TICKET_PESAJE;RF-23;VER;"El ticket se le da al chofer o al productor si está presente; en su caso, a muchos productores les tenemos registrado el correo, entonces se envía también automáticamente por correo para que lo tenga.";87;VER;Macías
codificacion.csv;86;EV-04;2026-07-28_ENTR-04_Transcripcion.md;Es util que la finca comparta su estimacion de cosecha;PROYECCION_CAPACIDAD;RF-32;VER;O sea, nosotros lo veríamos útil porque, así como la finca realiza aquí un tema de estimación o proyección de cuántas toneladas puede cosechar, nosotros en la extractora también hacemos una proyección de cuántas toneladas podemos recibir y procesar, porque tenemos un límite de capacidad.;95;VER;Macías
codificacion.csv;87;EV-05;2026-07-28_ENTR-05_Transcripcion.md;El avance diario se anota en una libreta personal;REGISTRO_PAPEL;RF-04;VER;;;NO_LOCALIZADA;Macías
codificacion.csv;88;EV-05;2026-07-28_ENTR-05_Transcripcion.md;El conteo se entrega verbalmente al encargado al final de la jornada;ENTREGA_VERBAL;RF-28;VER;;;NO_LOCALIZADA;Macías
codificacion.csv;89;EV-05;2026-07-28_ENTR-05_Transcripcion.md;Se hacen labores de chapia, cosecha y polinizacion;LABOR_MANTENIMIENTO;RF-04;VER;;;NO_LOCALIZADA;Macías
codificacion.csv;90;EV-05;2026-07-28_ENTR-05_Transcripcion.md;El administrador indica cada dia en que lote trabajar;SUPERVISION_RECORRIDO;RF-03;VER;;;NO_LOCALIZADA;Macías
codificacion.csv;91;EV-05;2026-07-28_ENTR-05_Transcripcion.md;Al ver una planta enferma se avisa al encargado;EVIDENCIA_FOTOGRAFICA;RF-30;VER;;;NO_LOCALIZADA;Macías
codificacion.csv;92;EV-05;2026-07-28_ENTR-05_Transcripcion.md;Se reconoce el lote por conocimiento del terreno;LATENCIA_INSPECCION;RF-30;VER;;;NO_LOCALIZADA;Macías
codificacion.csv;93;EV-05;2026-07-28_ENTR-05_Transcripcion.md;Todos disponen de telefono con mensajeria;DISPONIBILIDAD_MOVIL;RD-01;VER;;;NO_LOCALIZADA;Macías
codificacion.csv;94;EV-05;2026-07-28_ENTR-05_Transcripcion.md;La senal solo llega a la parte principal de la hacienda;CONECTIVIDAD_PARCIAL;RNF-11;VER;;;NO_LOCALIZADA;Macías
codificacion.csv;95;EV-05;2026-07-28_ENTR-05_Transcripcion.md;Convendria que la aplicacion guarde los dias de labores realizadas;REGISTRO_PAPEL;RF-04;VER;;;NO_LOCALIZADA;Macías
codificacion.csv;96;EV-06;2026-07-28_ENTR-06_Transcripcion.md;La chapia se cuenta por mata y la cosecha por racimo cortado;UNIDAD_DE_AVANCE;RF-28;VER;Las flores son aparte, el racimo cuando se corta también es aparte, y cuando se chapea se cuenta por mata. Se le da el conteo al encargado, que es el jefe de campo.;23;VER;Macías
codificacion.csv;97;EV-06;2026-07-28_ENTR-06_Transcripcion.md;El trabajador quiere saber cuanto lleva ganado en la quincena;TRANSPARENCIA_PAGO;RF-29;VER;Claro, porque ya sé lo que estoy ganando y cuánto me van a pagar en la quincena.;67;VER;Macías
codificacion.csv;98;EV-06;2026-07-28_ENTR-06_Transcripcion.md;La senal de internet solo llega a la casa, no a todo el cultivo;CONECTIVIDAD_PARCIAL;RNF-11;VER;;;NO_LOCALIZADA;Macías
codificacion.csv;99;EV-06;2026-07-28_ENTR-06_Transcripcion.md;Se anota la plantacion trabajada en un cuaderno, diariamente;REGISTRO_PAPEL;RF-04;VER;;;NO_LOCALIZADA;Macías
codificacion.csv;100;EV-06;2026-07-28_ENTR-06_Transcripcion.md;El jefe indica que lote corresponde trabajar;SUPERVISION_RECORRIDO;RF-03;VER;;;NO_LOCALIZADA;Macías
codificacion.csv;101;EV-06;2026-07-28_ENTR-06_Transcripcion.md;El conteo se entrega al encargado al terminar la jornada;ENTREGA_VERBAL;RF-28;VER;Ese conteo se lo entrego en la tarde, a las 4 o 5, a la hora que uno sale del borde de trabajo, al encargado.;27;VER;Macías
codificacion.csv;102;EV-06;2026-07-28_ENTR-06_Transcripcion.md;Se dispone de telefono con mensajeria e internet;DISPONIBILIDAD_MOVIL;RD-01;VER;Aparte, uno tiene internet y llega el WhatsApp enseguida.;63;VER;Macías
codificacion.csv;103;EV-06;2026-07-28_ENTR-06_Transcripcion.md;Convendria que la aplicacion cuente las plantas trabajadas;UNIDAD_DE_AVANCE;RF-28;VER;;;NO_LOCALIZADA;Macías
codificacion.csv;104;EV-06;2026-07-28_ENTR-06_Transcripcion.md;Se verifica lo anotado contra lo que sale en la quincena;TRANSPARENCIA_PAGO;RF-29;VER;"No, porque sale ahí; lo que nosotros anotamos coincide con lo que sale.";39;VER;Macías
codificacion.csv;105;EV-06;2026-07-28_ENTR-06_Transcripcion.md;Las jornadas varian segun el clima;ESTACIONALIDAD_PLAGA;RF-17;VER;Tenemos días bajos y altos, porque a veces trabajamos hasta las 2, 3 de la tarde, 5 de la tarde, según cómo esté el clima.;11;VER;Macías
codificacion.csv;106;EV-06;2026-07-28_ENTR-06_Transcripcion.md;Se avisa de inmediato cuando se detecta un problema en la planta;EVIDENCIA_FOTOGRAFICA;RF-30;VER;Le avisamos al encargado. Cuando la vemos, inmediatamente le decimos, y él se arregla con los ingenieros.;47;VER;Macías
codificacion.csv;107;EV-07;2026-07-28_ENTR-07_Transcripcion.md;Los reportes del jefe de campo llegan por mensajeria instantanea;CANAL_INFORMAL;RF-30;VER;La libreta realmente la lleva el jefe de campo. Los reportes nos los envían por medio de WhatsApp a quienes somos administradores.;23;VER;Macías
codificacion.csv;108;EV-07;2026-07-28_ENTR-07_Transcripcion.md;Ante una planta enferma se toma evidencia fotografica para verificar el tipo;EVIDENCIA_FOTOGRAFICA;RF-30;VER;Cuando observo una planta enferma, como soy el encargado de realizar esas revisiones, tomo una evidencia fotográfica y verifico qué tipo de enfermedad tiene para comenzar con el tratamiento correspondiente.;39;VER;Macías
codificacion.csv;109;EV-07;2026-07-28_ENTR-07_Transcripcion.md;Las visitas presenciales de verificacion son dos veces por semana;LATENCIA_VERIFICACION;RF-31;VER;Normalmente me avisan inmediatamente por WhatsApp, pero las verificaciones presenciales las realizo dos veces por semana.;45;VER;Macías
codificacion.csv;110;EV-07;2026-07-28_ENTR-07_Transcripcion.md;Se lleva una lista de actividades pendientes de verificar en cada visita;LISTA_PENDIENTES;RF-31;VER;Lo recuerdo porque anoto las actividades que debo realizar en cada visita. Cuando me informan sobre algún problema, lo registro en la lista de verificación de las actividades pendientes.;49;VER;Macías
codificacion.csv;111;EV-07;2026-07-28_ENTR-07_Transcripcion.md;Seria util registrar las coordenadas del lugar donde se encontro la afectacion;GEORREFERENCIA_INCIDENCIA;RF-30;VER;También sería útil que permitiera registrar las coordenadas del lugar donde se encontraron las afectaciones o donde se realizaron los diferentes trabajos.;75;VER;Macías
codificacion.csv;112;EV-07;2026-07-28_ENTR-07_Transcripcion.md;La labor consiste en el seguimiento de los trabajos de campo;SUPERVISION_RECORRIDO;RF-15;VER;Mi labor consiste en realizar el seguimiento de los trabajos de campo.;7;VER;Macías
codificacion.csv;113;EV-07;2026-07-28_ENTR-07_Transcripcion.md;El jefe de campo lleva la libreta con el registro;REGISTRO_PAPEL;RF-04;VER;La libreta realmente la lleva el jefe de campo.;23;VER;Macías
codificacion.csv;114;EV-07;2026-07-28_ENTR-07_Transcripcion.md;Los reportes no siempre llegan suficientemente especificados;ENTREGA_VERBAL;RF-30;VER;Sin embargo, diría que una dificultad es que los reportes del seguimiento no siempre llegan lo suficientemente especificados por parte del jefe de campo.;35;VER;Macías
codificacion.csv;115;EV-07;2026-07-28_ENTR-07_Transcripcion.md;Se verifica el tipo de enfermedad para iniciar el tratamiento;SIGNO_VISIBLE_PLAGA;RF-07;VER;Cuando observo una planta enferma, como soy el encargado de realizar esas revisiones, tomo una evidencia fotográfica y verifico qué tipo de enfermedad tiene para comenzar con el tratamiento correspondiente.;39;VER;Macías
codificacion.csv;116;EV-07;2026-07-28_ENTR-07_Transcripcion.md;El internet satelital solo es estable en el campamento;CONECTIVIDAD_PARCIAL;RNF-11;VER;En ciertas partes se puede captar el internet satelital, pero realmente el lugar donde hay una conexión estable es el campamento.;59;VER;Villafuerte
codificacion.csv;117;EV-07;2026-07-28_ENTR-07_Transcripcion.md;La dificultad estaria en el personal de labores manuales, no en el tecnico;USUARIO_NO_EXPERTO;RNF-08;VER;La dificultad podría presentarse principalmente con el personal de campo que realiza labores manuales, como la fertilización, la polinización y la poda.;65;VER;Villafuerte
codificacion.csv;118;EV-07;2026-07-28_ENTR-07_Transcripcion.md;Seria util ver cuanto se trabajo y cuanto se lleva ganado;TRANSPARENCIA_PAGO;RF-29;VER;;;NO_LOCALIZADA;Villafuerte
codificacion.csv;119;EV-07;2026-07-28_ENTR-07_Transcripcion.md;Convendria guardar los seguimientos con evidencia fotografica;DIAGNOSTICO_POR_IMAGEN;RF-30;VER;Sería interesante que permitiera guardar los seguimientos con evidencias fotográficas, como fotografías de plantas enfermas o de sectores polinizados.;73;VER;Villafuerte
codificacion.csv;120;EV-07;2026-07-28_ENTR-07_Transcripcion.md;Los errores de conteo se corrigen en la revision;ENTREGA_VERBAL;RF-29;VER;Sí puede haber errores, pero todo eso se corrige al momento de realizar la revisión.;31;VER;Villafuerte
codificacion.csv;121;EV-07;2026-07-28_ENTR-07_Transcripcion.md;Solo se utiliza mensajeria instantanea como herramienta;CANAL_INFORMAL;RF-30;VER;Solamente utilizamos WhatsApp.;55;VER;Villafuerte
codificacion.csv;122;EV-08;2026-07-28_ENTR-08_Transcripcion.md;Con 5 pepas desprendidas el racimo esta listo para el corte;UMBRAL_DESPRENDIMIENTO;RF-21;VER;Con 5 pepas desprendidas ya está listo para el corte.;19;VER;Villafuerte
codificacion.csv;123;EV-08;2026-07-28_ENTR-08_Transcripcion.md;No se usa el color como criterio porque el color engana;COLOR_NO_FIABLE;RD-07;VER;En sí, solo manejamos el método de desprendimiento para la maduración, porque si cortamos guiándonos por el color, ese color engaña.;23;VER;Villafuerte
codificacion.csv;124;EV-08;2026-07-28_ENTR-08_Transcripcion.md;El racimo con desprendimiento visible esta listo para la cosecha;UMBRAL_DESPRENDIMIENTO;RF-21;VER;A simple vista, por ejemplo, se lo muestro aquí: vemos la parte basal, vemos que hay desprendimiento de grano, y eso ya está listo para la cosecha.;15;VER;Villafuerte
codificacion.csv;125;EV-08;2026-07-28_ENTR-08_Transcripcion.md;Sin desprendimiento el racimo esta verde;UMBRAL_DESPRENDIMIENTO;RF-21;VER;Si no hay desprendimiento, para nosotros está verde.;79;VER;Villafuerte
codificacion.csv;126;EV-08;2026-07-28_ENTR-08_Transcripcion.md;Solo se maneja el metodo de desprendimiento para la maduracion;COLOR_NO_FIABLE;RD-07;VER;En sí, solo manejamos el método de desprendimiento para la maduración, porque si cortamos guiándonos por el color, ese color engaña.;23;VER;Villafuerte
codificacion.csv;127;EV-08;2026-07-28_ENTR-08_Transcripcion.md;Primero se revisa todo lo que llega;CRITERIO_RECEPCION;RF-23;VER;Primero revisamos todo lo que está llegando.;27;VER;Villafuerte
codificacion.csv;128;EV-08;2026-07-28_ENTR-08_Transcripcion.md;El grupo de seleccionadores revisa el fruto despues del pesaje;CRITERIO_RECEPCION;RF-23;VER;"Tenemos un grupo de personal encargado de revisar el fruto; les llamamos el grupo de seleccionadores o calificadores.";31;VER;Villafuerte
codificacion.csv;129;EV-08;2026-07-28_ENTR-08_Transcripcion.md;Si supera el 3, 4 o 5 por ciento se aplica un castigo;PROBLEMA_FRUTA_VERDE;RF-22;VER;Si ya pasa el 3 %, 4 % o 5 %, ya sería un castigo.;39;VER;Villafuerte
codificacion.csv;130;EV-08;2026-07-28_ENTR-08_Transcripcion.md;La acidez se mide en el laboratorio de la extractora;DEFECTO_PEDUNCULO;RF-23;VER;Sí, tenemos un laboratorio en la extractora donde se mide la acidez.;43;VER;Villafuerte
codificacion.csv;131;EV-08;2026-07-28_ENTR-08_Transcripcion.md;El resultado de laboratorio se obtiene al terminar la semana;CONSOLIDADO_SEMANAL;RF-23;VER;Sacan el resultado semanal, al terminar la semana.;47;VER;Villafuerte
codificacion.csv;132;EV-08;2026-07-28_ENTR-08_Transcripcion.md;Se hace visita técnica para ver si el problema es de cosecha o de cultivo;LATENCIA_INSPECCION;RF-24;VER;Hacemos una visita técnica para ver cuál es el problema, si es del grupo de cosecha o del cultivo.;51;VER;Villafuerte
codificacion.csv;133;EV-08;2026-07-28_ENTR-08_Transcripcion.md;Los trabajadores cobran por avance y por tonelada;INCENTIVO_PERVERSO;RF-22;VER;Ahorita, con la baja productividad, los trabajadores cobran por avance y también por toneladas.;55;VER;Villafuerte
codificacion.csv;134;EV-08;2026-07-28_ENTR-08_Transcripcion.md;Se cosecha fruto verde cuando hay menos toneladas disponibles;INCENTIVO_PERVERSO;RF-22;VER;Si ven que hay menos toneladas, ven que la única opción es cosechar aunque el fruto esté verde.;55;VER;Villafuerte
codificacion.csv;135;EV-08;2026-07-28_ENTR-08_Transcripcion.md;Un racimo verde no rinde aceite en la extracción;PROBLEMA_FRUTA_VERDE;RF-21;VER;Para nosotros, en la extractora, es como coger el jugo de una naranja o un limón verde: no se saca nada de líquido. Esa es la explicación que damos como ejemplo de un racimo verde: si el fruto está verde, no se saca nada de aceite.;59;VER;Villafuerte
codificacion.csv;136;EV-08;2026-07-28_ENTR-08_Transcripcion.md;El problema se debe más al grupo de cosecha que al transporte;RECHAZO_LOTE;RF-24;VER;Sí, eso se debe más a la cosecha, o sea, al grupo de cosecha.;67;VER;Villafuerte
codificacion.csv;137;EV-08;2026-07-28_ENTR-08_Transcripcion.md;Se observa la parte basal para decidir el corte;UMBRAL_DESPRENDIMIENTO;RF-21;VER;Primero, observar bien la parte basal de la planta para ver si hay desprendimiento.;79;VER;Villafuerte
codificacion.csv;138;EV-08;2026-07-28_ENTR-08_Transcripcion.md;El cosechador toma foto o graba video del insecto encontrado;DIAGNOSTICO_POR_IMAGEN;RF-07;VER;"Uno, como cosechador, también tiene sus propias dudas; cortan el racimo, o si no, toman una foto de la plantación o graban un video. Si encuentran algún insecto, mandan el video o el insecto para ver qué es y si se puede tratar.";87;VER;Villafuerte
codificacion.csv;139;EV-08;2026-07-28_ENTR-08_Transcripcion.md;Se monitorean los insectos por la mañana;MONITOREO_VISUAL;RF-05;VER;Recomendamos revisar bien, por ejemplo, en la mañana, para ver cuánto insecto hay y hacer también el monitoreo de insectos.;95;VER;Villafuerte
