ID_fragmento;Fragmento;Cita_literal;Entrevista;archivo_origen;linea_csv
C3-001;El ticket incluye la calificacion: tamano, verde, sobremadura, malformada y pedunculo;"En la calificación se incluye fruta grande, mediana o pequeña, las tres calificaciones; y se incluye también lo que es fruta verde, fruta sobremadura, malformada y pedúnculos largos.";ENTR-04;codificacion.csv;71
C3-002;El riego y la nutricion son los factores mas determinantes de la productividad;Eh el tema de producción eso se basa en en un buen riego y una buena nutrición o fertilización. Eso serían lo lo lo lo principal para poder ser este productivo.;ENTR-01;codificacion.csv;11
C3-003;Se requiere control del trabajo del polinizador;Con un rastreador GPS.;ENTR-03;codificacion.csv;57
C3-004;Los reportes se consolidan por semana;Aquí en el cultivo de de palma se trabaja por semana. Entonces tú los reportes se hacen reportes diarios pero este a la final tú haces un consolidado y lo vas haciendo por semana y al al terminar el año pues tú puedes sacar tus tus resultados, tus estadísticas por medio de semana, ¿no?;ENTR-01;codificacion.csv;21
C3-005;La estimacion de produccion se hace con censo de flores cada seis meses;Bueno, la la estimación eh tú puedes hacer un censo eh por medio de flores. Se hace siempre un censo cada 6 meses para este ver cuáles van a ser tus producciones o predicciones a a futuro, ¿no?;ENTR-01;codificacion.csv;13
C3-006;El diagnóstico automatizado debe ser preciso respecto de la necesidad de la planta;Espero que sea precisa también, que sea precisa en qué es lo que necesita la planta.;ENTR-14;codificacion_tercera_ronda.csv;61
C3-007;Si el polinizador no ejecuta bien la labor se pierde hasta la mitad de la produccion;Porque si el polinizador, o la persona que está ejerciendo la labor, no la hace de una manera eficiente, no contamos con un buen racimo. Entonces, perderíamos el 50% de la producción en caso de ser así.;ENTR-03;codificacion.csv;49
C3-008;La labor consiste en el seguimiento de los trabajos de campo;Bueno, mi labor es realizar los seguimientos de los trabajos de campo.;ENTR-07;codificacion.csv;112
C3-009;Convendria que la aplicacion cuente las plantas trabajadas;Por ejemplo, que le cuente las plantas. Contar las plantas, todo eso.;ENTR-06;codificacion.csv;103
C3-010;La interfaz debe minimizar el choque tecnológico de personas con poca escolaridad o costumbre digital;Habría que entender como ingenieros cuál es la problemática y en el proceso de desarrollo tratar de ser lo más simple posible para que ellos no tengan un choque tecnológico al momento de usar la herramienta.;ENTR-16;codificacion_tercera_ronda.csv;88
C3-011;La administración requiere tener a mano las labores previstas para la semana siguiente;Especialmente las labores que vamos a hacer a la semana, porque esto se hace mediante una bitácora semanal, una semana antes de lo que vamos a hacer la siguiente semana, para tener precisamente las labores que tenemos que hacer.;ENTR-14;codificacion_tercera_ronda.csv;62
C3-012;El trabajador quiere saber cuanto lleva ganado en la quincena;Claro, porque ya sé lo que estoy ganándome y cuánto me sacaría en la quincena.;ENTR-05;codificacion.csv;97
C3-013;La chapia se cuenta por mata y la cosecha por racimo cortado;eso se lleva un conteo de las flores, son aparte, el racimo cuando se corta también es aparte, y cuando se chapea, se cuenta por mata;ENTR-05;codificacion.csv;96
C3-014;La calidad del racimo refleja el trabajo del polinizador;Si si tienes una fruta eh en buena en buena calidad es porque te ha dado ha hecho eh el operador ha hecho un buen trabajo y si no pues eh efectivamente se da cuenta uno de que el operador no está cumpliendo con su trabajo.;ENTR-01;codificacion.csv;20
C3-015;Las jornadas varian segun el clima;O sea, tenemos días bajos y altos, porque trabajamos a veces hasta las 2, 3 de la tarde, 5 de la tarde, según como esté el clima.;ENTR-05;codificacion.csv;105
C3-016;El ticket se envia por correo al productor registrado;"Entonces, el ticket se le da en este caso al chofer o al productor si va; o en su caso, a muchos productores les tenemos registrado el correo, entonces se envía también automáticamente por correo al productor para que lo tenga él.";ENTR-04;codificacion.csv;85
C3-017;Parte del trabajo se registra por escrito y parte se comunica de manera empírica al trabajador;"Hay unas que se hacen escritas con una bitácora; otra, empíricamente, se le dice al trabajador qué es lo que va a realizar en el día de trabajo.";ENTR-14;codificacion_tercera_ronda.csv;57
C3-018;Se cuenta el numero de flores polinizadas por trabajador;ellos cuentan las flores que han polinizado en el día;ENTR-01;codificacion.csv;19
C3-019;Convendria guardar los seguimientos con evidencia fotografica;Sería interesante que se pudiese guardar los seguimientos con evidencia fotográfica como plantas enfermas, sectores polinizados.;ENTR-07;codificacion.csv;119
C3-020;Antes de usar funciones como GPS conviene explicar para qué sirven;Un ejemplo, si la aplicación tiene el uso del GPS y todas esas cosas, ¿qué me ayudaría, pues, con esa función?;ENTR-10;codificacion_tercera_ronda.csv;22
C3-021;Se busca que cada racimo se forme al cien por ciento;Y que cada racimo salga al 100%.;ENTR-03;codificacion.csv;59
C3-022;El control combina producto quimico y trampas segun la etapa del insecto;cuando está en estado adulto tú haces trampas, cuando está en estado de larva pues tú tienes que ya hacer una aplicación ya con insecticidas;ENTR-01;codificacion.csv;9
C3-023;El registro GPS del recorrido y las zonas cubiertas se considera útil;O sea, que la aplicación, cuando termines el recorrido, te muestra el recorrido que tú hayas tenido ahí, de los lotes y todo eso.;ENTR-10;codificacion_tercera_ronda.csv;18
C3-024;En fincas pequeñas las labores se registran en libreta o agenda;Como le decía, inicialmente, en las fincas pequeñas, muchos llevan registros empíricos. Se lleva una libreta, una agenda, donde se registran las labores que hacen en el día.;ENTR-13;codificacion_tercera_ronda.csv;44
C3-025;Las novedades de campo se reportan mediante capturas compartidas;Entonces, todo eso se puede ir reportando mediante un grupo y realizando captura de todo lo que se va a hacer.;ENTR-09;codificacion_tercera_ronda.csv;6
C3-026;Para conocer lo realizado en un lote se recurre al personal responsable que lleva el seguimiento;A ver, para lo que se hizo la semana pasada recurriría principalmente a la persona encargada del campo. Sería el jefe de campo, eh podría ser eh el administrador o si no a la persona que trabaja directamente en la parcela, lo cual ellos llevan un mejor seguimiento de las cosas que se han hecho, de todo el manejo, la poscosecha, lo que está atrasado, lo que tiene, lo que no tiene.;ENTR-15;codificacion_tercera_ronda.csv;70
C3-027;El estado diario de la plantación es información prioritaria para administrar;Por ejemplo, el estado de las plantaciones.;ENTR-12;codificacion_tercera_ronda.csv;42
C3-028;El racimo con desprendimiento visible esta listo para la cosecha;Vemos en la parte basal vemos que hay desprendimiento de grano, eso ahí ya está listo para la cosecha. Mientras tanto no hay desprendimiento, no está listo para la cosecha.;ENTR-08;codificacion.csv;124
C3-029;El recorrido georreferenciado debería complementarse con una fotografía de la labor;Pero, si el GPS eh o alguna aplicación estaría monitoreando tanto el recorrido y al mismo tiempo con una fotografía de la labor que se está haciendo en el en el en el sector, uno ya podría tener una mejor este captación y el monitoreo sería incluso más más factible.;ENTR-15;codificacion_tercera_ronda.csv;75
C3-030;Se cosecha fruto verde cuando hay menos toneladas disponibles;Entonces si ellos ven que hay menos cantidad de toneladas, entonces ellos ven como que... chuta, la única opción es de coger y sacar la cosecha aunque esté verde el fruto.;ENTR-08;codificacion.csv;134
C3-031;Para decidir actividades se considera útil disponer de pronóstico y semana de polinización;Por ejemplo, el pronóstico, la semana de polinización, puede ser.;ENTR-10;codificacion_tercera_ronda.csv;15
C3-032;Para conocer lo realizado anteriormente se recurre al administrador con experiencia;A un ingeniero que ya tenga más experiencia sobre ese tema.;ENTR-11;codificacion_tercera_ronda.csv;25
C3-033;El diagnóstico por fotografía con inteligencia artificial serviría como apoyo al criterio técnico;Sería una buena ayuda porque hay muchos técnicos.;ENTR-09;codificacion_tercera_ronda.csv;8
C3-034;En fincas grandes las labores agrícolas se registran diariamente en un sistema;Ya en las fincas grandes, como en la que yo trabajé en [EMPRESA ANTERIOR], en [LOCALIDAD], ya se lleva un control más estricto. Se lleva todo mediante un sistema contable que lleva incluso todas las labores agrícolas registradas día a día, incluso la cosecha.;ENTR-13;codificacion_tercera_ronda.csv;45
C3-035;El hongo pudre la flecha sobre todo en epoca humeda;precisamente en la época húmeda, en el invierno, precisamente al inicio, sabe tener un hongo, ¿no?, que pudre la parte de la flecha de la planta.;ENTR-02;codificacion.csv;36
C3-036;Los problemas fitosanitarios se intensifican en epoca invernal;De más en épocas en épocas de invierno. En la época invernal es donde usted tiene mayor eh problema en lo que son plagas y enfermedades.;ENTR-01;codificacion.csv;10
C3-037;La capacitación inicial para alguien sin experiencia se estima en alrededor de una hora;Pues al día, una hora, hora y media máximo. No creo que me tomara tanto tiempo enseñar una aplicación, aunque sea a alguien sin experiencia.;ENTR-11;codificacion_tercera_ronda.csv;30
C3-038;Primero se revisa todo lo que llega;En sí, en sí, primero eh revisamos todo lo lo la lo que está llegando, ¿ya?;ENTR-08;codificacion.csv;127
C3-039;Interes alto en identificar plagas a partir de fotografia;Sí, en el tema de de de plagas y enfermedades sería súper interesante porque, por ejemplo, hay diferentes plagas que a veces no se las puede identificar eh visualmente o o no tienes este o las personas que no tienen tanto conocimiento en el tema de plagas ya este tomándole una foto pues sabes eh la especie, la familia de la plaga;ENTR-01;codificacion.csv;16
C3-040;Se revisa todo lo que llega, y por muestra si el proveedor maneja bien la fruta;En sí, en sí, primero eh revisamos todo lo lo la lo que está llegando, ¿ya? Pero si vemos que el proveedor eh eh sí sí tiene buen buen almacenamiento de fruta, entonces se elige cierta cantidad.;ENTR-08;codificacion.csv;78
C3-041;En una finca empresarial las actividades se organizan mediante un cronograma;Si es empresarial, obviamente habrá un cronograma establecido, ¿no?;ENTR-16;codificacion_tercera_ronda.csv;81
C3-042;Una alerta de plaga debe incluir evidencia visual y confirmarse en campo;Primero, una imagen donde me compruebe sobre ese problema, y lo segundo sería recurrir al lugar para probar los hechos y poder acudir a resolver el problema.;ENTR-11;codificacion_tercera_ronda.csv;27
C3-043;El uso de GPS presupone que el trabajador disponga de una herramienta adecuada;Primeramente habría que tener la actualización del trabajador, porque para tener un GPS habría que ellos tengan una herramienta, y muchos a veces no la tienen.;ENTR-14;codificacion_tercera_ronda.csv;63
C3-044;Los avisos importantes deben ser específicos y de longitud moderada;Un aviso ni tan largo ni tan corto, que sea específico.;ENTR-10;codificacion_tercera_ronda.csv;21
C3-045;En trabajos agrícolas el registro diario se realiza en papel;Mediante papel.;ENTR-11;codificacion_tercera_ronda.csv;23
